,object1,object2,,,,,,,,,,,,,,,,,,,,
0,5.159607228,-574.2876587,574.2876587,,,7,22,37,8,28,50,81,46,39,9,15,32,70,76,152,364,500
1,3.749161458,-274.5873413,274.5873413,,,,,,,,,,,,,,,,,,,
2,4.105216174,-563.4609985,563.4609985,,,,,,,,,,,,,,,,,,,
3,3.896690016,-489.6962891,489.6962891,,,,,,,,,,,,,,,,,,,
4,3.819586061,-370.1763306,370.1763306,,,,,,,,,,,,,,,,,,,
5,3.907369572,-512.5360718,512.5360718,,,,,,,,,,,,,,,,,,,
6,3.800634308,-302.0858459,302.0858459,,,,,,,,,,,,,,,,,,,
7,4.105076549,-562.9637451,562.9637451,,,,,,,,,,,,,,,,,,,
8,4.055789307,-551.1533203,551.1533203,,,,,,,,,,,,,,,,,,,
9,3.934921752,-520.0969238,520.0969238,,,,,,,,,,,,,,,,,,,
10,3.768298527,-277.1759033,277.1759033,,,,,,,,,,,,,,,,,,,
11,3.863226402,-376.0386963,376.0386963,,,,,,,,,,,,,,,,,,,
12,5.115672235,-566.0910645,566.0910645,,,,,,,,,,,,,,,,,,,
13,3.79305527,-281.1165161,281.1165161,,,,,,,,,,,,,,,,,,,
14,5.137639732,-570.2037964,570.2037964,,,,,,,,,,,,,,,,,,,
15,5.137639732,-570.2037964,570.2037964,,,,,,,,,,,,,,,,,,,
16,5.159607228,-574.2876587,574.2876587,,,,,,,,,,,,,,,,,,,
17,3.945859014,-522.7715454,522.7715454,,,,,,,,,,,,,,,,,,,
18,3.887856409,-379.5293274,379.5293274,,,,,,,,,,,,,,,,,,,
19,3.806541981,-303.7233276,303.7233276,,,,,,,,,,,,,,,,,,,
20,4.028376751,-544.4108887,544.4108887,,,,,,,,,,,,,,,,,,,
21,4.033915194,-545.9567261,545.9567261,,,,,,,,,,,,,,,,,,,
22,3.882236736,-378.3890991,378.3890991,,,,,,,,,,,,,,,,,,,
23,3.896690016,-489.6962891,489.6962891,,,,,,,,,,,,,,,,,,,
24,4.050250864,-549.6158447,549.6158447,,,,,,,,,,,,,,,,,,,
25,3.962194929,-526.5036011,526.5036011,,,,,,,,,,,,,,,,,,,
26,4.017299864,-541.2936401,541.2936401,,,,,,,,,,,,,,,,,,,
27,3.956935818,-525.9599609,525.9599609,,,,,,,,,,,,,,,,,,,
28,3.806541981,-303.7233276,303.7233276,,,,,,,,,,,,,,,,,,,
29,3.956796193,-525.4389648,525.4389648,,,,,,,,,,,,,,,,,,,
30,3.973271816,-529.6860352,529.6860352,,,,,,,,,,,,,,,,,,,
31,4.011901128,-540.2207642,540.2207642,,,,,,,,,,,,,,,,,,,
32,3.967733372,-528.09729,528.09729,,,,,,,,,,,,,,,,,,,
33,4.044852373,-548.5628052,548.5628052,,,,,,,,,,,,,,,,,,,
34,3.798674944,-282.4074402,282.4074402,,,,,,,,,,,,,,,,,,,
35,3.870997388,-376.1063538,376.1063538,,,,,,,,,,,,,,,,,,,
36,3.876617062,-377.2398682,377.2398682,,,,,,,,,,,,,,,,,,,
37,3.95125775,-523.8408203,523.8408203,,,,,,,,,,,,,,,,,,,
38,3.967733372,-528.09729,528.09729,,,,,,,,,,,,,,,,,,,
39,4.03931393,-547.0236206,547.0236206,,,,,,,,,,,,,,,,,,,
40,4.022838308,-542.854187,542.854187,,,,,,,,,,,,,,,,,,,
41,3.98434862,-532.8544312,532.8544312,,,,,,,,,,,,,,,,,,,
42,3.97341144,-530.1997681,530.1997681,,,,,,,,,,,,,,,,,,,
43,4.006362685,-538.6559448,538.6559448,,,,,,,,,,,,,,,,,,,
44,4.044852373,-548.5628052,548.5628052,,,,,,,,,,,,,,,,,,,
45,3.876617062,-377.2398682,377.2398682,,,,,,,,,,,,,,,,,,,
46,3.978949884,-531.7819824,531.7819824,,,,,,,,,,,,,,,,,,,
47,3.995425506,-536.008606,536.008606,,,,,,,,,,,,,,,,,,,
48,4.000963949,-537.5762939,537.5762939,,,,,,,,,,,,,,,,,,,
49,3.989887063,-534.4333496,534.4333496,,,,,,,,,,,,,,,,,,,
50,3.978810259,-531.2697144,531.2697144,,,,,,,,,,,,,,,,,,,
51,4.055649682,-550.6638184,550.6638184,,,,,,,,,,,,,,,,,,,
52,4.011761504,-539.7266235,539.7266235,,,,,,,,,,,,,,,,,,,
53,3.95125775,-523.8408203,523.8408203,,,,,,,,,,,,,,,,,,,
54,3.989747438,-533.9233398,533.9233398,,,,,,,,,,,,,,,,,,,
55,4.022698683,-542.3606567,542.3606567,,,,,,,,,,,,,,,,,,,
56,4.03931393,-547.0236206,547.0236206,,,,,,,,,,,,,,,,,,,
57,4.000963949,-537.5762939,537.5762939,,,,,,,,,,,,,,,,,,,
58,4.000684617,-536.5749512,536.5749512,,,,,,,,,,,,,,,,,,,
59,4.01716024,-540.7921753,540.7921753,,,,,,,,,,,,,,,,,,,
60,3.995146174,-534.9898071,534.9898071,,,,,,,,,,,,,,,,,,,
61,3.984208995,-532.3345337,532.3345337,,,,,,,,,,,,,,,,,,,
62,4.00622306,-538.1536865,538.1536865,,,,,,,,,,,,,,,,,,,
63,3.995285881,-535.5059204,535.5059204,,,,,,,,,,,,,,,,,,,
64,3.98434862,-532.8544312,532.8544312,,,,,,,,,,,,,,,,,,,
65,3.97341144,-530.1997681,530.1997681,,,,,,,,,,,,,,,,,,,
66,3.978949884,-531.7819824,531.7819824,,,,,,,,,,,,,,,,,,,
67,3.989887063,-534.4333496,534.4333496,,,,,,,,,,,,,,,,,,,
68,3.995425506,-536.008606,536.008606,,,,,,,,,,,,,,,,,,,
69,4.006362685,-538.6559448,538.6559448,,,,,,,,,,,,,,,,,,,
70,4.022838308,-542.854187,542.854187,,,,,,,,,,,,,,,,,,,
71,4.055789307,-551.1533203,551.1533203,,,,,,,,,,,,,,,,,,,
72,3.798674944,-282.4074402,282.4074402,,,,,,,,,,,,,,,,,,,
73,3.895627395,-379.5923157,379.5923157,,,,,,,,,,,,,,,,,,,
74,3.989747438,-533.9233398,533.9233398,,,,,,,,,,,,,,,,,,,
75,4.022698683,-542.3606567,542.3606567,,,,,,,,,,,,,,,,,,,
76,4.011761504,-539.7266235,539.7266235,,,,,,,,,,,,,,,,,,,
77,4.00622306,-538.1536865,538.1536865,,,,,,,,,,,,,,,,,,,
78,3.806541981,-303.7233276,303.7233276,,,,,,,,,,,,,,,,,,,
79,3.95125775,-523.8408203,523.8408203,,,,,,,,,,,,,,,,,,,
80,3.79305527,-281.1165161,281.1165161,,,,,,,,,,,,,,,,,,,
81,5.137639732,-570.2037964,570.2037964,,,,,,,,,,,,,,,,,,,
82,5.137639732,-570.2037964,570.2037964,,,,,,,,,,,,,,,,,,,
83,3.876617062,-377.2398682,377.2398682,,,,,,,,,,,,,,,,,,,
84,4.033915194,-545.9567261,545.9567261,,,,,,,,,,,,,,,,,,,
85,3.967733372,-528.09729,528.09729,,,,,,,,,,,,,,,,,,,
86,3.956796193,-525.4389648,525.4389648,,,,,,,,,,,,,,,,,,,
87,4.017299864,-541.2936401,541.2936401,,,,,,,,,,,,,,,,,,,
88,4.022838308,-542.854187,542.854187,,,,,,,,,,,,,,,,,,,
89,4.03931393,-547.0236206,547.0236206,,,,,,,,,,,,,,,,,,,
90,3.967733372,-528.09729,528.09729,,,,,,,,,,,,,,,,,,,
91,3.98434862,-532.8544312,532.8544312,,,,,,,,,,,,,,,,,,,
92,3.97341144,-530.1997681,530.1997681,,,,,,,,,,,,,,,,,,,
93,3.989887063,-534.4333496,534.4333496,,,,,,,,,,,,,,,,,,,
94,4.017299864,-541.2936401,541.2936401,,,,,,,,,,,,,,,,,,,
95,3.995425506,-536.008606,536.008606,,,,,,,,,,,,,,,,,,,
96,3.876617062,-377.2398682,377.2398682,,,,,,,,,,,,,,,,,,,
97,3.995285881,-535.5059204,535.5059204,,,,,,,,,,,,,,,,,,,
98,3.978810259,-531.2697144,531.2697144,,,,,,,,,,,,,,,,,,,
99,4.055649682,-550.6638184,550.6638184,,,,,,,,,,,,,,,,,,,
100,4.011761504,-539.7266235,539.7266235,,,,,,,,,,,,,,,,,,,
101,3.989747438,-533.9233398,533.9233398,,,,,,,,,,,,,,,,,,,
102,4.022698683,-542.3606567,542.3606567,,,,,,,,,,,,,,,,,,,
103,4.03931393,-547.0236206,547.0236206,,,,,,,,,,,,,,,,,,,
104,3.984208995,-532.3345337,532.3345337,,,,,,,,,,,,,,,,,,,
105,3.98434862,-532.8544312,532.8544312,,,,,,,,,,,,,,,,,,,
106,3.97341144,-530.1997681,530.1997681,,,,,,,,,,,,,,,,,,,
107,3.989887063,-534.4333496,534.4333496,,,,,,,,,,,,,,,,,,,
108,4.006362685,-538.6559448,538.6559448,,,,,,,,,,,,,,,,,,,
109,4.022838308,-542.854187,542.854187,,,,,,,,,,,,,,,,,,,
110,4.055789307,-551.1533203,551.1533203,,,,,,,,,,,,,,,,,,,
111,4.00622306,-538.1536865,538.1536865,,,,,,,,,,,,,,,,,,,
112,3.989747438,-533.9233398,533.9233398,,,,,,,,,,,,,,,,,,,
113,4.022698683,-542.3606567,542.3606567,,,,,,,,,,,,,,,,,,,
114,4.055789307,-551.1533203,551.1533203,,,,,,,,,,,,,,,,,,,
115,3.79305527,-281.1165161,281.1165161,,,,,,,,,,,,,,,,,,,
116,4.03931393,-547.0236206,547.0236206,,,,,,,,,,,,,,,,,,,
117,4.055649682,-550.6638184,550.6638184,,,,,,,,,,,,,,,,,,,
118,3.995425506,-536.008606,536.008606,,,,,,,,,,,,,,,,,,,
119,3.995425506,-536.008606,536.008606,,,,,,,,,,,,,,,,,,,
120,3.989887063,-534.4333496,534.4333496,,,,,,,,,,,,,,,,,,,
121,4.022838308,-542.854187,542.854187,,,,,,,,,,,,,,,,,,,
122,3.97341144,-530.1997681,530.1997681,,,,,,,,,,,,,,,,,,,
123,3.98434862,-532.8544312,532.8544312,,,,,,,,,,,,,,,,,,,
124,4.006362685,-538.6559448,538.6559448,,,,,,,,,,,,,,,,,,,
125,3.989747438,-533.9233398,533.9233398,,,,,,,,,,,,,,,,,,,
126,3.989887063,-534.4333496,534.4333496,,,,,,,,,,,,,,,,,,,
127,4.022838308,-542.854187,542.854187,,,,,,,,,,,,,,,,,,,
128,4.055789307,-551.1533203,551.1533203,,,,,,,,,,,,,,,,,,,
129,4.00622306,-538.1536865,538.1536865,,,,,,,,,,,,,,,,,,,
130,3.989747438,-533.9233398,533.9233398,,,,,,,,,,,,,,,,,,,
131,4.055789307,-551.1533203,551.1533203,,,,,,,,,,,,,,,,,,,
132,3.995425506,-536.008606,536.008606,,,,,,,,,,,,,,,,,,,
133,3.989887063,-534.4333496,534.4333496,,,,,,,,,,,,,,,,,,,
134,4.022838308,-542.854187,542.854187,,,,,,,,,,,,,,,,,,,
135,3.989747438,-533.9233398,533.9233398,,,,,,,,,,,,,,,,,,,
136,4.022838308,-542.854187,542.854187,,,,,,,,,,,,,,,,,,,
137,3.989747438,-533.9233398,533.9233398,,,,,,,,,,,,,,,,,,,
138,3.989747438,-533.9233398,533.9233398,,,,,,,,,,,,,,,,,,,
139,3.989747438,-533.9233398,533.9233398,,,,,,,,,,,,,,,,,,,
140,3.989887063,-534.4333496,534.4333496,,,,,,,,,,,,,,,,,,,
141,3.989747438,-533.9233398,533.9233398,,,,,,,,,,,,,,,,,,,
142,3.989747438,-533.9233398,533.9233398,,,,,,,,,,,,,,,,,,,
143,3.989887063,-534.4333496,534.4333496,,,,,,,,,,,,,,,,,,,
144,3.989747438,-533.9233398,533.9233398,,,,,,,,,,,,,,,,,,,
145,3.989747438,-533.9233398,533.9233398,,,,,,,,,,,,,,,,,,,
146,3.989747438,-533.9233398,533.9233398,,,,,,,,,,,,,,,,,,,
147,3.989747438,-533.9233398,533.9233398,,,,,,,,,,,,,,,,,,,
148,3.989747438,-533.9233398,533.9233398,,,,,,,,,,,,,,,,,,,
149,3.989747438,-533.9233398,533.9233398,,,,,,,,,,,,,,,,,,,
150,3.989747438,-533.9233398,533.9233398,,,,,,,,,,,,,,,,,,,
151,3.989747438,-533.9233398,533.9233398,,,,,,,,,,,,,,,,,,,
152,3.989747438,-533.9233398,533.9233398,,,,,,,,,,,,,,,,,,,
153,3.989747438,-533.9233398,533.9233398,,,,,,,,,,,,,,,,,,,
154,3.989747438,-533.9233398,533.9233398,,,,,,,,,,,,,,,,,,,
155,3.989887063,-534.4333496,534.4333496,,,,,,,,,,,,,,,,,,,
156,4.055789307,-551.1533203,551.1533203,,,,,,,,,,,,,,,,,,,
157,3.989747438,-533.9233398,533.9233398,,,,,,,,,,,,,,,,,,,
158,4.055789307,-551.1533203,551.1533203,,,,,,,,,,,,,,,,,,,
159,3.989887063,-534.4333496,534.4333496,,,,,,,,,,,,,,,,,,,
160,3.989747438,-533.9233398,533.9233398,,,,,,,,,,,,,,,,,,,
161,3.995425506,-536.008606,536.008606,,,,,,,,,,,,,,,,,,,
162,4.055789307,-551.1533203,551.1533203,,,,,,,,,,,,,,,,,,,
163,3.989747438,-533.9233398,533.9233398,,,,,,,,,,,,,,,,,,,
164,3.989747438,-533.9233398,533.9233398,,,,,,,,,,,,,,,,,,,
165,4.055789307,-551.1533203,551.1533203,,,,,,,,,,,,,,,,,,,
166,3.989747438,-533.9233398,533.9233398,,,,,,,,,,,,,,,,,,,
167,3.989747438,-533.9233398,533.9233398,,,,,,,,,,,,,,,,,,,
168,3.989747438,-533.9233398,533.9233398,,,,,,,,,,,,,,,,,,,
169,4.055789307,-551.1533203,551.1533203,,,,,,,,,,,,,,,,,,,
170,4.055789307,-551.1533203,551.1533203,,,,,,,,,,,,,,,,,,,
171,3.989747438,-533.9233398,533.9233398,,,,,,,,,,,,,,,,,,,
172,3.989887063,-534.4333496,534.4333496,,,,,,,,,,,,,,,,,,,
173,3.989887063,-534.4333496,534.4333496,,,,,,,,,,,,,,,,,,,
174,3.989747438,-533.9233398,533.9233398,,,,,,,,,,,,,,,,,,,
175,4.055789307,-551.1533203,551.1533203,,,,,,,,,,,,,,,,,,,
176,3.989747438,-533.9233398,533.9233398,,,,,,,,,,,,,,,,,,,
177,3.989887063,-534.4333496,534.4333496,,,,,,,,,,,,,,,,,,,
178,3.989887063,-534.4333496,534.4333496,,,,,,,,,,,,,,,,,,,
179,3.989887063,-534.4333496,534.4333496,,,,,,,,,,,,,,,,,,,
180,4.055789307,-551.1533203,551.1533203,,,,,,,,,,,,,,,,,,,
181,3.989747438,-533.9233398,533.9233398,,,,,,,,,,,,,,,,,,,
182,4.055789307,-551.1533203,551.1533203,,,,,,,,,,,,,,,,,,,
183,3.989747438,-533.9233398,533.9233398,,,,,,,,,,,,,,,,,,,
184,4.022838308,-542.854187,542.854187,,,,,,,,,,,,,,,,,,,
185,3.989887063,-534.4333496,534.4333496,,,,,,,,,,,,,,,,,,,
186,4.055789307,-551.1533203,551.1533203,,,,,,,,,,,,,,,,,,,
187,3.989747438,-533.9233398,533.9233398,,,,,,,,,,,,,,,,,,,
188,3.989747438,-533.9233398,533.9233398,,,,,,,,,,,,,,,,,,,
189,4.00622306,-538.1536865,538.1536865,,,,,,,,,,,,,,,,,,,
190,3.97341144,-530.1997681,530.1997681,,,,,,,,,,,,,,,,,,,
191,3.989747438,-533.9233398,533.9233398,,,,,,,,,,,,,,,,,,,
192,3.989747438,-533.9233398,533.9233398,,,,,,,,,,,,,,,,,,,
193,3.989887063,-534.4333496,534.4333496,,,,,,,,,,,,,,,,,,,
194,3.989887063,-534.4333496,534.4333496,,,,,,,,,,,,,,,,,,,
195,3.989747438,-533.9233398,533.9233398,,,,,,,,,,,,,,,,,,,
196,4.00622306,-538.1536865,538.1536865,,,,,,,,,,,,,,,,,,,
197,3.989887063,-534.4333496,534.4333496,,,,,,,,,,,,,,,,,,,
198,3.989887063,-534.4333496,534.4333496,,,,,,,,,,,,,,,,,,,
199,3.989747438,-533.9233398,533.9233398,,,,,,,,,,,,,,,,,,,
200,3.876617062,-377.2398682,377.2398682,,,,,,,,,,,,,,,,,,,
201,3.989747438,-533.9233398,533.9233398,,,,,,,,,,,,,,,,,,,
202,3.995425506,-536.008606,536.008606,,,,,,,,,,,,,,,,,,,
203,4.022838308,-542.854187,542.854187,,,,,,,,,,,,,,,,,,,
204,3.989747438,-533.9233398,533.9233398,,,,,,,,,,,,,,,,,,,
205,4.022838308,-542.854187,542.854187,,,,,,,,,,,,,,,,,,,
206,3.989887063,-534.4333496,534.4333496,,,,,,,,,,,,,,,,,,,
207,3.989747438,-533.9233398,533.9233398,,,,,,,,,,,,,,,,,,,
208,3.97341144,-530.1997681,530.1997681,,,,,,,,,,,,,,,,,,,
209,4.03931393,-547.0236206,547.0236206,,,,,,,,,,,,,,,,,,,
210,3.989747438,-533.9233398,533.9233398,,,,,,,,,,,,,,,,,,,
211,3.989747438,-533.9233398,533.9233398,,,,,,,,,,,,,,,,,,,
212,3.97341144,-530.1997681,530.1997681,,,,,,,,,,,,,,,,,,,
213,3.989747438,-533.9233398,533.9233398,,,,,,,,,,,,,,,,,,,
214,3.989747438,-533.9233398,533.9233398,,,,,,,,,,,,,,,,,,,
215,3.989747438,-533.9233398,533.9233398,,,,,,,,,,,,,,,,,,,
216,3.995425506,-536.008606,536.008606,,,,,,,,,,,,,,,,,,,
217,4.03931393,-547.0236206,547.0236206,,,,,,,,,,,,,,,,,,,
218,3.989747438,-533.9233398,533.9233398,,,,,,,,,,,,,,,,,,,
219,3.97341144,-530.1997681,530.1997681,,,,,,,,,,,,,,,,,,,
220,4.03931393,-547.0236206,547.0236206,,,,,,,,,,,,,,,,,,,
221,4.055789307,-551.1533203,551.1533203,,,,,,,,,,,,,,,,,,,
222,3.989747438,-533.9233398,533.9233398,,,,,,,,,,,,,,,,,,,
223,3.989747438,-533.9233398,533.9233398,,,,,,,,,,,,,,,,,,,
224,3.995425506,-536.008606,536.008606,,,,,,,,,,,,,,,,,,,
225,3.989747438,-533.9233398,533.9233398,,,,,,,,,,,,,,,,,,,
226,4.006362685,-538.6559448,538.6559448,,,,,,,,,,,,,,,,,,,
227,3.989887063,-534.4333496,534.4333496,,,,,,,,,,,,,,,,,,,
228,3.989747438,-533.9233398,533.9233398,,,,,,,,,,,,,,,,,,,
229,3.989747438,-533.9233398,533.9233398,,,,,,,,,,,,,,,,,,,
230,3.989887063,-534.4333496,534.4333496,,,,,,,,,,,,,,,,,,,
231,3.989747438,-533.9233398,533.9233398,,,,,,,,,,,,,,,,,,,
232,3.989887063,-534.4333496,534.4333496,,,,,,,,,,,,,,,,,,,
233,3.989747438,-533.9233398,533.9233398,,,,,,,,,,,,,,,,,,,
234,3.989747438,-533.9233398,533.9233398,,,,,,,,,,,,,,,,,,,
235,4.03931393,-547.0236206,547.0236206,,,,,,,,,,,,,,,,,,,
236,4.03931393,-547.0236206,547.0236206,,,,,,,,,,,,,,,,,,,
237,3.989747438,-533.9233398,533.9233398,,,,,,,,,,,,,,,,,,,
238,3.989747438,-533.9233398,533.9233398,,,,,,,,,,,,,,,,,,,
239,3.989747438,-533.9233398,533.9233398,,,,,,,,,,,,,,,,,,,
240,4.055789307,-551.1533203,551.1533203,,,,,,,,,,,,,,,,,,,
241,4.055789307,-551.1533203,551.1533203,,,,,,,,,,,,,,,,,,,
242,3.989747438,-533.9233398,533.9233398,,,,,,,,,,,,,,,,,,,
243,3.989747438,-533.9233398,533.9233398,,,,,,,,,,,,,,,,,,,
244,4.055789307,-551.1533203,551.1533203,,,,,,,,,,,,,,,,,,,
245,3.967733372,-528.09729,528.09729,,,,,,,,,,,,,,,,,,,
246,3.989747438,-533.9233398,533.9233398,,,,,,,,,,,,,,,,,,,
247,4.055789307,-551.1533203,551.1533203,,,,,,,,,,,,,,,,,,,
248,3.97341144,-530.1997681,530.1997681,,,,,,,,,,,,,,,,,,,
249,3.989747438,-533.9233398,533.9233398,,,,,,,,,,,,,,,,,,,
250,4.055789307,-551.1533203,551.1533203,,,,,,,,,,,,,,,,,,,
251,3.989747438,-533.9233398,533.9233398,,,,,,,,,,,,,,,,,,,
252,3.989747438,-533.9233398,533.9233398,,,,,,,,,,,,,,,,,,,
253,4.055789307,-551.1533203,551.1533203,,,,,,,,,,,,,,,,,,,
254,3.989887063,-534.4333496,534.4333496,,,,,,,,,,,,,,,,,,,
255,3.989887063,-534.4333496,534.4333496,,,,,,,,,,,,,,,,,,,
256,3.995425506,-536.008606,536.008606,,,,,,,,,,,,,,,,,,,
257,4.055789307,-551.1533203,551.1533203,,,,,,,,,,,,,,,,,,,
258,3.989887063,-534.4333496,534.4333496,,,,,,,,,,,,,,,,,,,
259,3.989747438,-533.9233398,533.9233398,,,,,,,,,,,,,,,,,,,
260,3.989747438,-533.9233398,533.9233398,,,,,,,,,,,,,,,,,,,
261,3.989747438,-533.9233398,533.9233398,,,,,,,,,,,,,,,,,,,
262,3.989747438,-533.9233398,533.9233398,,,,,,,,,,,,,,,,,,,
263,3.989887063,-534.4333496,534.4333496,,,,,,,,,,,,,,,,,,,
264,3.989747438,-533.9233398,533.9233398,,,,,,,,,,,,,,,,,,,
265,3.989747438,-533.9233398,533.9233398,,,,,,,,,,,,,,,,,,,
266,4.022838308,-542.854187,542.854187,,,,,,,,,,,,,,,,,,,
267,3.989747438,-533.9233398,533.9233398,,,,,,,,,,,,,,,,,,,
268,3.989747438,-533.9233398,533.9233398,,,,,,,,,,,,,,,,,,,
269,3.989887063,-534.4333496,534.4333496,,,,,,,,,,,,,,,,,,,
270,3.989747438,-533.9233398,533.9233398,,,,,,,,,,,,,,,,,,,
271,3.989747438,-533.9233398,533.9233398,,,,,,,,,,,,,,,,,,,
272,3.989887063,-534.4333496,534.4333496,,,,,,,,,,,,,,,,,,,
273,3.989887063,-534.4333496,534.4333496,,,,,,,,,,,,,,,,,,,
274,3.995425506,-536.008606,536.008606,,,,,,,,,,,,,,,,,,,
275,4.022838308,-542.854187,542.854187,,,,,,,,,,,,,,,,,,,
276,3.989747438,-533.9233398,533.9233398,,,,,,,,,,,,,,,,,,,
277,4.03931393,-547.0236206,547.0236206,,,,,,,,,,,,,,,,,,,
278,4.00622306,-538.1536865,538.1536865,,,,,,,,,,,,,,,,,,,
279,3.989747438,-533.9233398,533.9233398,,,,,,,,,,,,,,,,,,,
280,3.989747438,-533.9233398,533.9233398,,,,,,,,,,,,,,,,,,,
281,3.989887063,-534.4333496,534.4333496,,,,,,,,,,,,,,,,,,,
282,4.00622306,-538.1536865,538.1536865,,,,,,,,,,,,,,,,,,,
283,3.98434862,-532.8544312,532.8544312,,,,,,,,,,,,,,,,,,,
284,3.989747438,-533.9233398,533.9233398,,,,,,,,,,,,,,,,,,,
285,3.989747438,-533.9233398,533.9233398,,,,,,,,,,,,,,,,,,,
286,3.989887063,-534.4333496,534.4333496,,,,,,,,,,,,,,,,,,,
287,4.011761504,-539.7266235,539.7266235,,,,,,,,,,,,,,,,,,,
288,4.055789307,-551.1533203,551.1533203,,,,,,,,,,,,,,,,,,,
289,4.00622306,-538.1536865,538.1536865,,,,,,,,,,,,,,,,,,,
290,3.995425506,-536.008606,536.008606,,,,,,,,,,,,,,,,,,,
291,3.989747438,-533.9233398,533.9233398,,,,,,,,,,,,,,,,,,,
292,3.989747438,-533.9233398,533.9233398,,,,,,,,,,,,,,,,,,,
293,3.989747438,-533.9233398,533.9233398,,,,,,,,,,,,,,,,,,,
294,4.00622306,-538.1536865,538.1536865,,,,,,,,,,,,,,,,,,,
295,3.989747438,-533.9233398,533.9233398,,,,,,,,,,,,,,,,,,,
296,3.989747438,-533.9233398,533.9233398,,,,,,,,,,,,,,,,,,,
297,3.97341144,-530.1997681,530.1997681,,,,,,,,,,,,,,,,,,,
298,3.98434862,-532.8544312,532.8544312,,,,,,,,,,,,,,,,,,,
299,3.989747438,-533.9233398,533.9233398,,,,,,,,,,,,,,,,,,,
300,3.989887063,-534.4333496,534.4333496,,,,,,,,,,,,,,,,,,,
301,3.967733372,-528.09729,528.09729,,,,,,,,,,,,,,,,,,,
302,3.989747438,-533.9233398,533.9233398,,,,,,,,,,,,,,,,,,,
303,3.989887063,-534.4333496,534.4333496,,,,,,,,,,,,,,,,,,,
304,4.055789307,-551.1533203,551.1533203,,,,,,,,,,,,,,,,,,,
305,3.989747438,-533.9233398,533.9233398,,,,,,,,,,,,,,,,,,,
306,4.055789307,-551.1533203,551.1533203,,,,,,,,,,,,,,,,,,,
307,3.896690016,-489.6962891,489.6962891,,,,,,,,,,,,,,,,,,,
308,3.989747438,-533.9233398,533.9233398,,,,,,,,,,,,,,,,,,,
309,3.989747438,-533.9233398,533.9233398,,,,,,,,,,,,,,,,,,,
310,3.989887063,-534.4333496,534.4333496,,,,,,,,,,,,,,,,,,,
311,4.055789307,-551.1533203,551.1533203,,,,,,,,,,,,,,,,,,,
312,4.022838308,-542.854187,542.854187,,,,,,,,,,,,,,,,,,,
313,4.055789307,-551.1533203,551.1533203,,,,,,,,,,,,,,,,,,,
314,3.989747438,-533.9233398,533.9233398,,,,,,,,,,,,,,,,,,,
315,4.022838308,-542.854187,542.854187,,,,,,,,,,,,,,,,,,,
316,4.022838308,-542.854187,542.854187,,,,,,,,,,,,,,,,,,,
317,3.989747438,-533.9233398,533.9233398,,,,,,,,,,,,,,,,,,,
318,3.989747438,-533.9233398,533.9233398,,,,,,,,,,,,,,,,,,,
319,3.989747438,-533.9233398,533.9233398,,,,,,,,,,,,,,,,,,,
320,3.989747438,-533.9233398,533.9233398,,,,,,,,,,,,,,,,,,,
321,4.03931393,-547.0236206,547.0236206,,,,,,,,,,,,,,,,,,,
322,4.055789307,-551.1533203,551.1533203,,,,,,,,,,,,,,,,,,,
323,5.115672235,-566.0910645,566.0910645,,,,,,,,,,,,,,,,,,,
324,4.055789307,-551.1533203,551.1533203,,,,,,,,,,,,,,,,,,,
325,3.989747438,-533.9233398,533.9233398,,,,,,,,,,,,,,,,,,,
326,3.989887063,-534.4333496,534.4333496,,,,,,,,,,,,,,,,,,,
327,3.95125775,-523.8408203,523.8408203,,,,,,,,,,,,,,,,,,,
328,3.989887063,-534.4333496,534.4333496,,,,,,,,,,,,,,,,,,,
329,5.115672235,-566.0910645,566.0910645,,,,,,,,,,,,,,,,,,,
330,4.055789307,-551.1533203,551.1533203,,,,,,,,,,,,,,,,,,,
331,4.03931393,-547.0236206,547.0236206,,,,,,,,,,,,,,,,,,,
332,4.022838308,-542.854187,542.854187,,,,,,,,,,,,,,,,,,,
333,3.989887063,-534.4333496,534.4333496,,,,,,,,,,,,,,,,,,,
334,3.989747438,-533.9233398,533.9233398,,,,,,,,,,,,,,,,,,,
335,4.017299864,-541.2936401,541.2936401,,,,,,,,,,,,,,,,,,,
336,3.967733372,-528.09729,528.09729,,,,,,,,,,,,,,,,,,,
337,3.989747438,-533.9233398,533.9233398,,,,,,,,,,,,,,,,,,,
338,3.989887063,-534.4333496,534.4333496,,,,,,,,,,,,,,,,,,,
339,4.000963949,-537.5762939,537.5762939,,,,,,,,,,,,,,,,,,,
340,3.995425506,-536.008606,536.008606,,,,,,,,,,,,,,,,,,,
341,3.989747438,-533.9233398,533.9233398,,,,,,,,,,,,,,,,,,,
342,4.000963949,-537.5762939,537.5762939,,,,,,,,,,,,,,,,,,,
343,4.055789307,-551.1533203,551.1533203,,,,,,,,,,,,,,,,,,,
344,3.984208995,-532.3345337,532.3345337,,,,,,,,,,,,,,,,,,,
345,3.984208995,-532.3345337,532.3345337,,,,,,,,,,,,,,,,,,,
346,3.989887063,-534.4333496,534.4333496,,,,,,,,,,,,,,,,,,,
347,4.006362685,-538.6559448,538.6559448,,,,,,,,,,,,,,,,,,,
348,4.022838308,-542.854187,542.854187,,,,,,,,,,,,,,,,,,,
349,4.055789307,-551.1533203,551.1533203,,,,,,,,,,,,,,,,,,,
350,4.055789307,-551.1533203,551.1533203,,,,,,,,,,,,,,,,,,,
351,4.022698683,-542.3606567,542.3606567,,,,,,,,,,,,,,,,,,,
352,4.022838308,-542.854187,542.854187,,,,,,,,,,,,,,,,,,,
353,3.989747438,-533.9233398,533.9233398,,,,,,,,,,,,,,,,,,,
354,3.995425506,-536.008606,536.008606,,,,,,,,,,,,,,,,,,,
355,3.989747438,-533.9233398,533.9233398,,,,,,,,,,,,,,,,,,,
356,3.989747438,-533.9233398,533.9233398,,,,,,,,,,,,,,,,,,,
357,4.00622306,-538.1536865,538.1536865,,,,,,,,,,,,,,,,,,,
358,4.011761504,-539.7266235,539.7266235,,,,,,,,,,,,,,,,,,,
359,3.995425506,-536.008606,536.008606,,,,,,,,,,,,,,,,,,,
360,3.989747438,-533.9233398,533.9233398,,,,,,,,,,,,,,,,,,,
361,3.989747438,-533.9233398,533.9233398,,,,,,,,,,,,,,,,,,,
362,4.022698683,-542.3606567,542.3606567,,,,,,,,,,,,,,,,,,,
363,4.022838308,-542.854187,542.854187,,,,,,,,,,,,,,,,,,,
364,3.98434862,-532.8544312,532.8544312,,,,,,,,,,,,,,,,,,,
365,4.055789307,-551.1533203,551.1533203,,,,,,,,,,,,,,,,,,,
366,3.989747438,-533.9233398,533.9233398,,,,,,,,,,,,,,,,,,,
367,3.989887063,-534.4333496,534.4333496,,,,,,,,,,,,,,,,,,,
368,3.989747438,-533.9233398,533.9233398,,,,,,,,,,,,,,,,,,,
369,3.989747438,-533.9233398,533.9233398,,,,,,,,,,,,,,,,,,,
370,4.00622306,-538.1536865,538.1536865,,,,,,,,,,,,,,,,,,,
371,4.055789307,-551.1533203,551.1533203,,,,,,,,,,,,,,,,,,,
372,3.989747438,-533.9233398,533.9233398,,,,,,,,,,,,,,,,,,,
373,3.967733372,-528.09729,528.09729,,,,,,,,,,,,,,,,,,,
374,4.022838308,-542.854187,542.854187,,,,,,,,,,,,,,,,,,,
375,5.137639732,-570.2037964,570.2037964,,,,,,,,,,,,,,,,,,,
376,4.055789307,-551.1533203,551.1533203,,,,,,,,,,,,,,,,,,,
377,4.006362685,-538.6559448,538.6559448,,,,,,,,,,,,,,,,,,,
378,4.03931393,-547.0236206,547.0236206,,,,,,,,,,,,,,,,,,,
379,3.956935818,-525.9599609,525.9599609,,,,,,,,,,,,,,,,,,,
380,3.989887063,-534.4333496,534.4333496,,,,,,,,,,,,,,,,,,,
381,4.022838308,-542.854187,542.854187,,,,,,,,,,,,,,,,,,,
382,5.115672235,-566.0910645,566.0910645,,,,,,,,,,,,,,,,,,,
383,3.97341144,-530.1997681,530.1997681,,,,,,,,,,,,,,,,,,,
384,3.989887063,-534.4333496,534.4333496,,,,,,,,,,,,,,,,,,,
385,4.017299864,-541.2936401,541.2936401,,,,,,,,,,,,,,,,,,,
386,3.989887063,-534.4333496,534.4333496,,,,,,,,,,,,,,,,,,,
387,3.989887063,-534.4333496,534.4333496,,,,,,,,,,,,,,,,,,,
388,3.989747438,-533.9233398,533.9233398,,,,,,,,,,,,,,,,,,,
389,4.03931393,-547.0236206,547.0236206,,,,,,,,,,,,,,,,,,,
390,3.989747438,-533.9233398,533.9233398,,,,,,,,,,,,,,,,,,,
391,3.989747438,-533.9233398,533.9233398,,,,,,,,,,,,,,,,,,,
392,3.984208995,-532.3345337,532.3345337,,,,,,,,,,,,,,,,,,,
393,3.989747438,-533.9233398,533.9233398,,,,,,,,,,,,,,,,,,,
394,3.989747438,-533.9233398,533.9233398,,,,,,,,,,,,,,,,,,,
395,3.98434862,-532.8544312,532.8544312,,,,,,,,,,,,,,,,,,,
396,4.022838308,-542.854187,542.854187,,,,,,,,,,,,,,,,,,,
397,3.989747438,-533.9233398,533.9233398,,,,,,,,,,,,,,,,,,,
398,4.055789307,-551.1533203,551.1533203,,,,,,,,,,,,,,,,,,,
399,3.989887063,-534.4333496,534.4333496,,,,,,,,,,,,,,,,,,,
400,3.989747438,-533.9233398,533.9233398,,,,,,,,,,,,,,,,,,,
401,3.95125775,-523.8408203,523.8408203,,,,,,,,,,,,,,,,,,,
402,3.989887063,-534.4333496,534.4333496,,,,,,,,,,,,,,,,,,,
403,3.989887063,-534.4333496,534.4333496,,,,,,,,,,,,,,,,,,,
404,4.055789307,-551.1533203,551.1533203,,,,,,,,,,,,,,,,,,,
405,3.98434862,-532.8544312,532.8544312,,,,,,,,,,,,,,,,,,,
406,4.055789307,-551.1533203,551.1533203,,,,,,,,,,,,,,,,,,,
407,3.989887063,-534.4333496,534.4333496,,,,,,,,,,,,,,,,,,,
408,3.989747438,-533.9233398,533.9233398,,,,,,,,,,,,,,,,,,,
409,4.022838308,-542.854187,542.854187,,,,,,,,,,,,,,,,,,,
410,3.989887063,-534.4333496,534.4333496,,,,,,,,,,,,,,,,,,,
411,3.989747438,-533.9233398,533.9233398,,,,,,,,,,,,,,,,,,,
412,3.98434862,-532.8544312,532.8544312,,,,,,,,,,,,,,,,,,,
413,3.989747438,-533.9233398,533.9233398,,,,,,,,,,,,,,,,,,,
414,4.055789307,-551.1533203,551.1533203,,,,,,,,,,,,,,,,,,,
415,3.995425506,-536.008606,536.008606,,,,,,,,,,,,,,,,,,,
416,3.989887063,-534.4333496,534.4333496,,,,,,,,,,,,,,,,,,,
417,3.97341144,-530.1997681,530.1997681,,,,,,,,,,,,,,,,,,,
418,3.989747438,-533.9233398,533.9233398,,,,,,,,,,,,,,,,,,,
419,3.989747438,-533.9233398,533.9233398,,,,,,,,,,,,,,,,,,,
420,3.989747438,-533.9233398,533.9233398,,,,,,,,,,,,,,,,,,,
421,3.989747438,-533.9233398,533.9233398,,,,,,,,,,,,,,,,,,,
422,4.022838308,-542.854187,542.854187,,,,,,,,,,,,,,,,,,,
423,3.989747438,-533.9233398,533.9233398,,,,,,,,,,,,,,,,,,,
424,3.806541981,-303.7233276,303.7233276,,,,,,,,,,,,,,,,,,,
425,3.98434862,-532.8544312,532.8544312,,,,,,,,,,,,,,,,,,,
426,3.989747438,-533.9233398,533.9233398,,,,,,,,,,,,,,,,,,,
427,4.055789307,-551.1533203,551.1533203,,,,,,,,,,,,,,,,,,,
428,4.055789307,-551.1533203,551.1533203,,,,,,,,,,,,,,,,,,,
429,3.989747438,-533.9233398,533.9233398,,,,,,,,,,,,,,,,,,,
430,3.989747438,-533.9233398,533.9233398,,,,,,,,,,,,,,,,,,,
431,3.989747438,-533.9233398,533.9233398,,,,,,,,,,,,,,,,,,,
432,3.989747438,-533.9233398,533.9233398,,,,,,,,,,,,,,,,,,,
433,3.956796193,-525.4389648,525.4389648,,,,,,,,,,,,,,,,,,,
434,3.967733372,-528.09729,528.09729,,,,,,,,,,,,,,,,,,,
435,3.989747438,-533.9233398,533.9233398,,,,,,,,,,,,,,,,,,,
436,3.978949884,-531.7819824,531.7819824,,,,,,,,,,,,,,,,,,,
437,3.989747438,-533.9233398,533.9233398,,,,,,,,,,,,,,,,,,,
438,4.022838308,-542.854187,542.854187,,,,,,,,,,,,,,,,,,,
439,3.989747438,-533.9233398,533.9233398,,,,,,,,,,,,,,,,,,,
440,3.989887063,-534.4333496,534.4333496,,,,,,,,,,,,,,,,,,,
441,4.055789307,-551.1533203,551.1533203,,,,,,,,,,,,,,,,,,,
442,3.989747438,-533.9233398,533.9233398,,,,,,,,,,,,,,,,,,,
443,3.989887063,-534.4333496,534.4333496,,,,,,,,,,,,,,,,,,,
444,3.989747438,-533.9233398,533.9233398,,,,,,,,,,,,,,,,,,,
445,4.022698683,-542.3606567,542.3606567,,,,,,,,,,,,,,,,,,,
446,3.995425506,-536.008606,536.008606,,,,,,,,,,,,,,,,,,,
447,3.97341144,-530.1997681,530.1997681,,,,,,,,,,,,,,,,,,,
448,3.989887063,-534.4333496,534.4333496,,,,,,,,,,,,,,,,,,,
449,3.989887063,-534.4333496,534.4333496,,,,,,,,,,,,,,,,,,,
450,3.989747438,-533.9233398,533.9233398,,,,,,,,,,,,,,,,,,,
451,3.97341144,-530.1997681,530.1997681,,,,,,,,,,,,,,,,,,,
452,3.989747438,-533.9233398,533.9233398,,,,,,,,,,,,,,,,,,,
453,3.989887063,-534.4333496,534.4333496,,,,,,,,,,,,,,,,,,,
454,4.022838308,-542.854187,542.854187,,,,,,,,,,,,,,,,,,,
455,3.989747438,-533.9233398,533.9233398,,,,,,,,,,,,,,,,,,,
456,3.989747438,-533.9233398,533.9233398,,,,,,,,,,,,,,,,,,,
457,3.876617062,-377.2398682,377.2398682,,,,,,,,,,,,,,,,,,,
458,5.115672235,-566.0910645,566.0910645,,,,,,,,,,,,,,,,,,,
459,3.989747438,-533.9233398,533.9233398,,,,,,,,,,,,,,,,,,,
460,3.989747438,-533.9233398,533.9233398,,,,,,,,,,,,,,,,,,,
461,3.989747438,-533.9233398,533.9233398,,,,,,,,,,,,,,,,,,,
462,3.989747438,-533.9233398,533.9233398,,,,,,,,,,,,,,,,,,,
463,4.017299864,-541.2936401,541.2936401,,,,,,,,,,,,,,,,,,,
464,3.95125775,-523.8408203,523.8408203,,,,,,,,,,,,,,,,,,,
465,5.159607228,-574.2876587,574.2876587,,,,,,,,,,,,,,,,,,,
466,5.115672235,-566.0910645,566.0910645,,,,,,,,,,,,,,,,,,,
467,3.989887063,-534.4333496,534.4333496,,,,,,,,,,,,,,,,,,,
468,4.00622306,-538.1536865,538.1536865,,,,,,,,,,,,,,,,,,,
469,3.97341144,-530.1997681,530.1997681,,,,,,,,,,,,,,,,,,,
470,3.989747438,-533.9233398,533.9233398,,,,,,,,,,,,,,,,,,,
471,3.989747438,-533.9233398,533.9233398,,,,,,,,,,,,,,,,,,,
472,3.989747438,-533.9233398,533.9233398,,,,,,,,,,,,,,,,,,,
473,4.055789307,-551.1533203,551.1533203,,,,,,,,,,,,,,,,,,,
474,3.995425506,-536.008606,536.008606,,,,,,,,,,,,,,,,,,,
475,3.95125775,-523.8408203,523.8408203,,,,,,,,,,,,,,,,,,,
476,3.989887063,-534.4333496,534.4333496,,,,,,,,,,,,,,,,,,,
477,4.055789307,-551.1533203,551.1533203,,,,,,,,,,,,,,,,,,,
478,4.006362685,-538.6559448,538.6559448,,,,,,,,,,,,,,,,,,,
479,3.97341144,-530.1997681,530.1997681,,,,,,,,,,,,,,,,,,,
480,3.989887063,-534.4333496,534.4333496,,,,,,,,,,,,,,,,,,,
481,3.989747438,-533.9233398,533.9233398,,,,,,,,,,,,,,,,,,,
482,3.989747438,-533.9233398,533.9233398,,,,,,,,,,,,,,,,,,,
483,3.896690016,-489.6962891,489.6962891,,,,,,,,,,,,,,,,,,,
484,4.055789307,-551.1533203,551.1533203,,,,,,,,,,,,,,,,,,,
485,3.989887063,-534.4333496,534.4333496,,,,,,,,,,,,,,,,,,,
486,3.989887063,-534.4333496,534.4333496,,,,,,,,,,,,,,,,,,,
487,4.022698683,-542.3606567,542.3606567,,,,,,,,,,,,,,,,,,,
488,4.011761504,-539.7266235,539.7266235,,,,,,,,,,,,,,,,,,,
489,3.989747438,-533.9233398,533.9233398,,,,,,,,,,,,,,,,,,,
490,4.055789307,-551.1533203,551.1533203,,,,,,,,,,,,,,,,,,,
491,4.006362685,-538.6559448,538.6559448,,,,,,,,,,,,,,,,,,,
492,3.995425506,-536.008606,536.008606,,,,,,,,,,,,,,,,,,,
493,3.989747438,-533.9233398,533.9233398,,,,,,,,,,,,,,,,,,,
494,3.989747438,-533.9233398,533.9233398,,,,,,,,,,,,,,,,,,,
495,3.989887063,-534.4333496,534.4333496,,,,,,,,,,,,,,,,,,,
496,4.022838308,-542.854187,542.854187,,,,,,,,,,,,,,,,,,,
497,3.97341144,-530.1997681,530.1997681,,,,,,,,,,,,,,,,,,,
498,3.989747438,-533.9233398,533.9233398,,,,,,,,,,,,,,,,,,,
499,4.055789307,-551.1533203,551.1533203,,,,,,,,,,,,,,,,,,,
