,0,1,2,3,4,5,6,7,8,9,10,11,12,13,14,15,16,17,18,19,20,21,22,23,24,25,26,27,28,29,30,31
0,2,2,1,3,2,4,1,3,3,2,2,4,4,1,0,0,2,3,3,1,4,3,4,4,1,1,0,0,166,148,33,30
1,2,2,1,3,3,4,1,3,3,2,2,4,4,1,0,0,2,3,1,1,4,3,4,4,1,2,0,0,166,148,16,30
2,2,2,3,2,1,4,2,2,2,2,0,0,0,0,0,0,2,3,1,4,4,4,1,1,0,0,0,0,173,134,16,30
3,2,4,3,2,3,1,2,2,2,2,0,0,0,0,0,0,2,1,1,3,4,4,4,1,2,0,0,0,170,127,16,30
4,2,3,4,1,3,4,2,2,1,2,0,0,0,0,0,0,2,3,1,4,2,4,1,0,0,0,0,0,128,125,16,30
5,2,3,4,1,3,4,2,2,1,2,0,0,0,0,0,0,2,3,1,4,2,4,1,0,0,0,0,0,128,125,16,30
6,2,3,4,1,3,4,2,2,1,2,2,0,0,0,0,0,2,3,1,4,4,4,1,1,2,0,0,0,173,125,16,30
7,2,1,3,4,3,4,2,2,3,2,1,0,0,0,0,0,2,3,1,4,4,4,1,1,2,2,0,0,170,164,16,30
8,2,3,4,1,3,4,2,2,1,2,2,0,0,0,0,0,2,3,1,4,4,4,1,1,2,2,0,0,173,125,16,30
9,2,3,4,1,3,4,2,2,1,2,0,0,0,0,0,0,2,3,1,4,2,4,1,0,0,0,0,0,128,134,16,30
10,2,3,2,2,3,4,2,2,1,2,0,0,0,0,0,0,2,3,1,4,4,4,1,1,0,0,0,0,169,125,16,30
11,2,3,4,1,3,4,2,2,1,2,3,2,0,0,0,0,2,3,1,4,4,4,1,1,2,2,0,0,173,165,16,30
12,2,2,3,2,1,4,2,2,2,2,0,0,0,0,0,0,2,3,1,4,4,4,1,1,0,0,0,0,173,134,16,30
13,2,3,4,1,3,4,2,2,1,2,2,0,0,0,0,0,2,3,1,4,4,4,1,1,2,0,0,0,134,128,16,30
14,2,2,3,2,1,4,2,2,2,2,0,0,0,0,0,0,2,3,1,4,4,4,1,1,0,0,0,0,175,134,16,30
15,2,2,3,2,1,4,2,2,2,2,0,0,0,0,0,0,2,3,1,4,4,4,1,1,2,0,0,0,173,134,16,30
16,2,3,4,1,3,4,2,2,1,2,2,0,0,0,0,0,2,3,1,4,4,4,1,1,2,2,0,0,174,166,16,30
17,2,2,3,1,3,4,2,2,2,2,0,0,0,0,0,0,2,3,1,4,4,4,1,1,0,0,0,0,174,125,16,30
18,2,3,4,1,3,4,2,2,1,2,2,0,0,0,0,0,2,3,1,4,4,4,1,1,0,0,0,0,128,128,16,30
19,2,3,4,1,3,4,2,2,1,2,2,0,0,0,0,0,2,3,1,4,4,4,1,1,2,2,0,0,173,125,16,30
20,2,2,3,2,1,4,2,2,2,2,0,0,0,0,0,0,2,3,1,4,4,4,1,1,2,0,0,0,173,134,16,30
21,2,3,4,1,3,4,2,2,1,2,2,0,0,0,0,0,2,3,1,4,4,4,1,1,2,2,0,0,174,125,16,30
22,2,3,4,1,3,4,2,2,1,2,2,0,0,0,0,0,2,3,1,4,4,4,1,1,0,0,0,0,131,128,16,30
23,2,2,3,2,1,4,2,2,2,2,0,0,0,0,0,0,2,3,1,4,4,4,1,1,0,0,0,0,175,134,16,30
24,2,2,3,1,3,4,2,2,2,2,0,0,0,0,0,0,2,3,1,4,4,4,1,1,0,0,0,0,174,125,16,30
25,2,3,4,1,3,4,2,2,1,2,2,0,0,0,0,0,2,3,1,4,4,4,1,1,0,0,0,0,132,126,16,30
26,2,2,3,1,3,4,2,2,2,2,0,0,0,0,0,0,2,3,1,4,4,4,1,1,2,0,0,0,158,125,16,30
27,2,3,4,1,3,4,2,2,1,2,0,0,0,0,0,0,2,3,1,4,2,4,1,0,0,0,0,0,129,125,16,30
28,2,3,4,1,3,4,2,2,1,2,0,0,0,0,0,0,2,3,1,4,2,4,1,0,0,0,0,0,128,125,16,30
29,2,2,2,1,3,4,2,2,2,2,0,0,0,0,0,0,2,3,1,4,4,4,1,1,0,0,0,0,169,134,16,30
30,2,3,4,1,3,4,2,2,1,2,2,0,0,0,0,0,2,3,1,4,4,4,1,1,2,0,0,0,135,125,16,30
31,2,3,4,1,3,4,2,2,1,2,2,0,0,0,0,0,2,3,1,4,4,4,1,1,0,0,0,0,133,125,16,30
32,2,3,4,1,3,4,2,2,1,2,0,0,0,0,0,0,2,3,1,4,2,4,1,0,0,0,0,0,128,125,16,30
33,2,3,4,1,3,4,2,2,1,2,3,2,0,0,0,0,2,3,1,4,4,4,1,1,2,2,0,0,173,165,16,30
34,2,3,4,1,3,4,2,2,1,2,0,0,0,0,0,0,2,3,1,4,2,4,1,0,0,0,0,0,128,126,16,30
35,2,3,4,1,3,4,2,2,1,2,3,2,0,0,0,0,2,3,1,4,4,4,1,1,2,2,0,0,173,168,16,30
36,2,3,4,1,3,4,2,2,1,2,2,0,0,0,0,0,2,3,1,4,4,4,1,1,2,0,0,0,173,128,16,30
37,2,3,4,1,3,4,2,2,1,2,3,2,0,0,0,0,2,3,1,4,4,4,1,1,2,2,0,0,173,164,16,30
38,2,3,2,2,3,4,2,2,2,1,0,0,0,0,0,0,2,3,1,4,4,4,1,1,0,0,0,0,174,126,16,30
39,2,3,4,1,3,4,2,2,1,2,2,0,0,0,0,0,2,3,1,4,4,4,1,1,2,2,0,0,173,125,16,30
40,2,2,3,1,3,4,2,2,2,2,0,0,0,0,0,0,2,3,1,4,4,4,1,1,0,0,0,0,174,125,16,30
41,2,3,4,1,3,4,2,2,1,2,3,2,0,0,0,0,2,3,1,4,4,4,1,1,2,2,0,0,170,165,16,30
42,2,2,3,1,3,4,2,2,2,2,0,0,0,0,0,0,2,3,1,4,4,4,1,1,0,0,0,0,174,130,16,30
43,2,2,2,1,3,4,2,2,2,2,0,0,0,0,0,0,2,3,1,4,4,4,1,1,0,0,0,0,169,134,16,30
44,2,3,4,1,3,4,2,2,1,2,2,0,0,0,0,0,2,3,1,4,4,4,1,1,2,2,0,0,173,125,16,30
45,2,3,4,1,3,4,2,2,1,2,2,0,0,0,0,0,2,3,1,4,2,4,1,0,0,0,0,0,128,125,16,30
46,2,3,4,1,3,4,2,2,1,2,0,0,0,0,0,0,2,3,1,4,2,4,1,0,0,0,0,0,129,125,16,30
47,2,3,2,3,1,4,2,2,1,4,2,2,0,0,0,0,3,1,1,2,4,4,4,1,3,0,0,0,173,165,16,30
48,2,3,4,1,3,4,2,2,1,2,2,0,0,0,0,0,2,3,1,4,4,4,1,1,2,0,0,0,173,125,16,30
49,2,3,4,1,3,4,2,2,1,2,0,0,0,0,0,0,2,3,1,4,2,4,1,0,0,0,0,0,128,125,16,30
50,2,3,4,1,3,4,2,2,1,2,2,0,0,0,0,0,2,3,1,4,4,4,1,1,0,0,0,0,136,125,16,30
51,2,3,4,1,3,4,2,2,1,2,2,0,0,0,0,0,2,3,1,4,4,4,1,1,0,0,0,0,131,128,16,30
52,2,3,4,1,3,4,2,2,1,2,2,0,0,0,0,0,2,3,1,4,4,4,1,1,0,0,0,0,128,125,16,30
53,2,3,4,1,3,4,2,2,1,2,2,0,0,0,0,0,2,3,1,4,4,4,1,1,0,0,0,0,128,141,16,30
54,2,3,4,1,3,4,2,2,1,2,2,0,0,0,0,0,2,3,1,4,4,4,1,1,0,0,0,0,131,128,16,30
55,2,3,4,1,3,4,2,2,1,2,3,2,0,0,0,0,2,3,1,4,4,4,1,1,2,0,0,0,131,128,16,30
56,2,3,4,1,3,4,2,2,1,2,2,0,0,0,0,0,2,3,1,4,4,4,1,1,2,2,0,0,169,125,16,30
57,2,3,4,1,3,4,2,2,1,2,3,2,0,0,0,0,2,3,1,4,4,4,1,1,0,0,0,0,127,127,16,30
58,2,2,3,1,3,4,2,2,2,2,0,0,0,0,0,0,2,3,1,4,4,4,1,1,0,0,0,0,174,125,16,30
59,2,3,4,1,3,4,2,2,1,2,2,0,0,0,0,0,2,3,1,4,4,4,1,1,0,0,0,0,132,125,16,30
60,2,3,4,1,3,4,2,2,1,2,0,0,0,0,0,0,2,3,1,4,2,4,1,0,0,0,0,0,129,125,16,30
61,2,1,3,4,3,4,2,2,3,2,1,0,0,0,0,0,2,3,1,4,4,4,1,1,2,2,0,0,170,125,16,30
62,2,3,4,1,3,4,2,2,1,2,3,2,0,0,0,0,2,3,1,4,4,4,1,1,0,0,0,0,130,141,16,30
63,2,3,4,1,3,4,2,2,1,2,2,0,0,0,0,0,2,3,1,4,4,4,1,1,0,0,0,0,131,128,16,30
64,2,2,2,1,3,4,2,2,2,2,0,0,0,0,0,0,2,3,1,4,4,4,1,1,2,0,0,0,175,125,16,30
65,2,3,4,1,3,4,2,2,1,2,2,0,0,0,0,0,2,3,1,4,4,4,1,1,2,2,0,0,173,141,16,30
66,2,3,4,1,3,4,2,2,1,2,2,0,0,0,0,0,2,3,1,4,4,4,1,1,2,2,0,0,173,125,16,30
67,2,3,4,1,3,4,2,2,1,2,2,0,0,0,0,0,2,3,1,4,4,4,1,1,0,0,0,0,133,125,16,30
68,2,3,4,1,3,4,2,2,1,2,0,0,0,0,0,0,2,3,1,4,2,4,1,0,0,0,0,0,128,125,16,30
69,2,3,4,1,3,4,2,2,1,2,0,0,0,0,0,0,2,3,1,4,2,4,1,0,0,0,0,0,128,131,16,30
70,2,2,3,1,3,4,2,2,2,2,0,0,0,0,0,0,2,3,1,4,4,4,1,1,0,0,0,0,174,125,16,30
71,2,3,4,1,3,4,2,2,1,2,3,0,0,0,0,0,2,3,1,4,4,4,1,1,0,0,0,0,130,127,16,30
72,2,3,4,1,3,4,2,2,1,2,2,0,0,0,0,0,2,3,1,4,4,4,1,1,2,2,0,0,175,125,16,30
73,2,2,3,1,3,4,2,2,2,2,0,0,0,0,0,0,2,3,1,4,4,4,1,1,0,0,0,0,174,125,16,30
74,2,3,4,1,3,4,2,2,1,2,2,0,0,0,0,0,2,3,1,4,4,4,1,1,0,0,0,0,132,126,16,30
75,2,3,4,1,3,4,2,2,1,2,2,0,0,0,0,0,2,3,1,4,4,4,1,1,0,0,0,0,130,125,16,30
76,2,3,4,1,3,4,2,2,1,2,3,0,0,0,0,0,2,3,1,4,4,4,1,1,2,2,0,0,173,152,16,30
77,2,3,4,1,3,4,2,2,1,2,2,0,0,0,0,0,2,3,1,4,4,4,1,1,0,0,0,0,130,128,16,30
78,2,3,2,1,3,4,2,2,2,2,0,0,0,0,0,0,2,3,1,4,4,4,1,1,2,2,0,0,174,142,16,30
79,2,3,4,1,3,4,2,2,1,2,2,0,0,0,0,0,2,3,1,4,4,4,1,1,2,0,0,0,134,128,16,30
80,2,3,4,1,3,4,2,2,1,2,2,0,0,0,0,0,2,3,1,4,4,4,1,1,2,2,0,0,174,125,16,30
81,2,3,2,1,3,4,2,2,2,2,0,0,0,0,0,0,2,3,1,4,4,4,1,1,0,0,0,0,128,125,16,30
82,2,3,4,1,3,4,2,2,1,2,3,2,0,0,0,0,2,3,1,4,4,4,1,1,0,0,0,0,130,141,16,30
83,2,3,4,1,3,4,2,2,1,2,0,0,0,0,0,0,2,3,1,4,2,4,1,0,0,0,0,0,128,126,16,30
84,2,3,4,1,3,4,2,2,1,2,3,2,0,0,0,0,2,3,1,4,4,4,1,1,0,0,0,0,127,127,16,30
85,2,2,3,1,3,4,2,2,2,2,0,0,0,0,0,0,2,3,1,4,4,4,1,1,0,0,0,0,174,125,16,30
86,2,3,4,1,3,4,2,2,1,2,2,0,0,0,0,0,2,3,1,4,4,4,1,1,2,2,0,0,175,142,16,30
87,2,3,4,1,3,4,2,2,1,2,2,0,0,0,0,0,2,3,1,4,4,4,1,1,0,0,0,0,131,141,16,30
88,2,2,2,1,3,4,2,2,2,2,0,0,0,0,0,0,2,3,1,4,4,4,1,1,0,0,0,0,169,134,16,30
89,2,3,4,1,3,4,2,2,1,2,0,0,0,0,0,0,2,3,1,4,2,4,1,0,0,0,0,0,129,125,16,30
90,2,3,4,1,3,4,2,2,1,2,2,0,0,0,0,0,2,3,1,4,4,4,1,1,2,0,0,0,175,125,16,30
91,2,3,4,1,3,4,2,2,1,2,3,2,0,0,0,0,2,3,1,4,4,4,1,1,0,0,0,0,127,127,16,30
92,2,3,4,1,3,4,2,2,1,2,2,0,0,0,0,0,2,3,1,4,4,4,1,1,2,0,0,0,136,125,16,30
93,2,3,4,1,3,4,2,2,1,2,2,0,0,0,0,0,2,3,1,4,4,4,1,1,2,0,0,0,174,128,16,30
94,2,3,4,1,3,4,2,2,1,2,0,0,0,0,0,0,2,3,1,4,2,4,1,0,0,0,0,0,128,126,16,30
95,2,3,4,1,3,4,2,2,1,2,3,2,0,0,0,0,2,3,1,4,4,4,1,1,0,0,0,0,127,127,16,30
96,2,3,2,2,3,4,2,2,2,1,0,0,0,0,0,0,2,3,1,4,4,4,1,1,2,0,0,0,174,126,16,30
97,2,3,4,1,3,4,2,2,1,2,2,0,0,0,0,0,2,3,1,4,4,4,1,1,2,0,0,0,136,125,16,30
98,2,3,4,1,3,4,2,2,1,2,3,2,0,0,0,0,2,3,1,4,4,4,1,1,2,0,0,0,131,128,16,30
99,2,3,4,1,3,4,2,2,1,2,2,0,0,0,0,0,2,3,1,4,2,4,1,0,0,0,0,0,128,128,16,30
100,2,2,3,2,1,4,2,2,2,2,0,0,0,0,0,0,2,3,1,4,4,4,1,1,2,0,0,0,173,134,16,30
101,2,3,4,1,3,4,2,2,1,2,0,0,0,0,0,0,2,3,1,4,2,4,1,0,0,0,0,0,133,126,16,30
102,2,2,3,2,1,4,2,2,2,2,0,0,0,0,0,0,2,3,1,4,4,4,1,1,0,0,0,0,175,134,16,30
103,2,3,4,1,3,4,2,2,1,2,2,0,0,0,0,0,2,3,1,4,4,4,1,1,2,0,0,0,173,125,16,30
104,2,3,2,2,3,4,2,2,2,1,0,0,0,0,0,0,2,3,1,4,4,4,1,1,2,2,0,0,174,126,16,30
105,2,3,4,1,3,4,2,2,1,2,2,0,0,0,0,0,2,3,1,4,4,4,1,1,2,2,0,0,174,125,16,30
106,2,3,4,1,3,4,2,2,1,2,0,0,0,0,0,0,2,3,1,4,2,4,1,0,0,0,0,0,129,131,16,30
107,2,3,2,1,3,4,2,2,2,2,0,0,0,0,0,0,2,3,1,4,4,4,1,1,0,0,0,0,159,125,16,30
108,2,3,4,1,3,4,2,2,1,2,2,0,0,0,0,0,2,3,1,4,4,4,1,1,0,0,0,0,130,134,16,30
109,2,3,4,1,3,4,2,2,1,2,2,0,0,0,0,0,2,3,1,4,4,4,1,1,2,2,0,0,174,142,16,30
110,2,3,4,1,3,4,2,2,1,2,3,2,0,0,0,0,2,3,1,4,4,4,1,1,2,2,0,0,172,165,16,30
111,2,3,4,1,3,4,2,2,1,2,2,0,0,0,0,0,2,3,1,4,4,4,1,1,2,0,0,0,134,128,16,30
112,2,2,3,2,1,4,2,2,2,2,0,0,0,0,0,0,2,3,1,4,4,4,1,1,0,0,0,0,173,134,16,30
113,2,3,4,1,3,4,2,2,1,2,2,0,0,0,0,0,2,3,1,4,4,4,1,1,0,0,0,0,133,125,16,30
114,2,3,4,1,3,4,2,2,1,2,2,0,0,0,0,0,2,3,1,4,4,4,1,1,2,2,0,0,169,125,16,30
115,2,3,2,2,3,4,2,2,2,1,0,0,0,0,0,0,2,3,1,4,4,4,1,1,2,0,0,0,174,126,16,30
116,2,3,4,1,3,4,2,2,1,2,2,0,0,0,0,0,2,3,1,4,4,4,1,1,2,2,0,0,173,140,16,30
117,2,3,4,1,3,4,2,2,1,2,0,0,0,0,0,0,2,3,1,4,2,4,1,0,0,0,0,0,128,134,16,30
118,2,3,4,1,3,4,2,2,1,2,2,0,0,0,0,0,2,3,1,4,4,4,1,1,2,0,0,0,173,125,16,30
119,2,3,4,1,3,4,2,2,1,2,2,0,0,0,0,0,2,3,1,4,4,4,1,1,0,0,0,0,128,128,16,30
120,2,3,4,1,3,4,2,2,1,2,3,2,0,0,0,0,2,3,1,4,4,4,1,1,2,2,0,0,170,165,16,30
121,2,3,4,1,3,4,2,2,1,2,2,0,0,0,0,0,2,3,1,4,4,4,1,1,0,0,0,0,131,125,16,30
122,2,3,4,1,3,4,2,2,1,2,2,0,0,0,0,0,2,3,1,4,4,4,1,1,2,0,0,0,175,125,16,30
123,2,1,3,4,3,4,2,2,1,2,2,0,0,0,0,0,2,3,1,4,4,4,1,1,2,2,0,0,170,166,16,30
124,2,3,4,1,3,4,2,2,1,2,2,0,0,0,0,0,2,3,1,4,4,4,1,1,2,0,0,0,175,125,16,30
125,2,3,4,1,3,4,2,2,1,2,2,0,0,0,0,0,2,3,1,4,4,4,1,1,2,2,0,0,173,125,16,30
126,2,3,4,1,3,4,2,2,1,2,2,0,0,0,0,0,2,3,1,4,2,4,1,0,0,0,0,0,129,125,16,30
127,2,3,4,1,3,4,2,2,1,2,2,0,0,0,0,0,2,3,1,4,4,4,1,1,2,0,0,0,136,125,16,30
128,2,3,4,1,3,4,2,2,1,2,2,0,0,0,0,0,2,3,1,4,4,4,1,1,2,0,0,0,173,125,16,30
129,2,3,4,1,3,4,2,2,1,2,2,0,0,0,0,0,2,3,1,4,4,4,1,1,2,2,0,0,175,125,16,30
130,2,3,4,1,3,4,2,2,1,2,2,0,0,0,0,0,2,3,1,4,4,4,1,1,0,0,0,0,131,141,16,30
131,2,2,2,1,3,4,2,2,2,2,0,0,0,0,0,0,2,3,1,4,4,4,1,1,2,2,0,0,170,125,16,30
132,2,3,4,1,3,4,2,2,1,2,0,0,0,0,0,0,2,3,1,4,2,4,1,0,0,0,0,0,128,125,16,30
133,2,3,4,1,3,4,2,2,1,2,2,0,0,0,0,0,2,3,1,4,4,4,1,1,2,0,0,0,174,125,16,30
134,2,3,4,1,3,4,2,2,1,2,2,0,0,0,0,0,2,3,1,4,4,4,1,1,2,2,0,0,173,125,16,30
135,2,3,4,1,3,4,2,2,1,2,2,0,0,0,0,0,2,3,1,4,4,4,1,1,2,2,0,0,173,125,16,30
136,2,2,3,1,3,4,2,2,2,2,0,0,0,0,0,0,2,3,1,4,4,4,1,1,0,0,0,0,173,125,16,30
137,2,3,4,1,3,4,2,2,1,2,3,2,0,0,0,0,2,3,1,4,4,4,1,1,2,2,0,0,172,165,16,30
138,2,3,4,1,3,4,2,2,1,2,2,0,0,0,0,0,2,3,1,4,4,4,1,1,2,0,0,0,136,125,16,30
139,2,2,2,1,3,4,2,2,2,2,0,0,0,0,0,0,2,3,1,4,4,4,1,1,0,0,0,0,175,125,16,30
140,2,2,3,1,3,4,2,2,2,2,0,0,0,0,0,0,2,3,1,4,4,4,1,1,0,0,0,0,128,133,16,30
141,2,3,4,1,3,4,2,2,1,2,2,0,0,0,0,0,2,3,1,4,4,4,1,1,2,0,0,0,135,125,16,30
142,2,2,3,1,3,4,2,2,2,2,0,0,0,0,0,0,2,3,1,4,4,4,1,1,0,0,0,0,174,125,16,30
143,2,2,3,1,3,4,2,2,2,2,0,0,0,0,0,0,2,3,1,4,4,4,1,1,0,0,0,0,170,125,16,30
144,2,3,4,1,3,4,2,2,1,2,2,2,0,0,0,0,2,3,1,4,4,4,1,1,0,0,0,0,125,125,16,30
145,2,3,4,1,3,4,2,2,1,2,3,2,0,0,0,0,2,3,1,4,4,4,1,1,2,2,0,0,173,164,16,30
146,2,1,3,4,3,4,2,2,3,2,1,0,0,0,0,0,2,3,1,4,4,4,1,1,2,0,0,0,170,134,16,30
147,2,3,4,1,3,4,2,2,1,2,2,0,0,0,0,0,2,3,1,4,4,4,1,1,2,0,0,0,175,125,16,30
148,2,3,4,1,3,4,2,2,1,2,3,0,0,0,0,0,2,3,1,4,4,4,1,1,2,2,0,0,173,152,16,30
149,2,2,3,2,1,4,2,2,2,2,0,0,0,0,0,0,2,3,1,4,4,4,1,1,0,0,0,0,173,134,16,30
150,2,2,3,1,3,4,2,2,2,2,0,0,0,0,0,0,2,3,1,4,4,4,1,1,0,0,0,0,174,125,16,30
151,2,2,3,1,3,4,2,2,2,2,0,0,0,0,0,0,2,3,1,4,4,4,1,1,2,0,0,0,158,125,16,30
152,2,3,4,1,3,4,2,2,1,2,0,0,0,0,0,0,2,3,1,4,2,4,1,0,0,0,0,0,128,131,16,30
153,2,3,4,1,3,4,2,2,1,2,2,0,0,0,0,0,2,3,1,4,4,4,1,1,2,0,0,0,173,126,16,30
154,2,3,4,1,3,4,2,2,1,2,2,0,0,0,0,0,2,3,1,4,4,4,1,1,0,0,0,0,132,125,16,30
155,2,3,4,1,3,4,3,2,1,2,2,2,0,0,0,0,2,3,1,4,4,4,1,1,2,2,0,0,174,168,16,30
156,2,3,4,1,3,4,2,2,1,2,3,2,0,0,0,0,2,3,1,4,4,4,1,1,0,0,0,0,130,127,16,30
157,2,2,3,1,3,4,2,2,2,2,0,0,0,0,0,0,2,3,1,4,4,4,1,1,0,0,0,0,174,125,16,30
158,2,3,4,1,3,4,2,2,1,2,2,0,0,0,0,0,2,3,1,4,4,4,1,1,2,0,0,0,174,128,16,30
159,2,3,4,1,3,4,2,2,1,2,2,0,0,0,0,0,2,3,1,4,4,4,1,1,2,2,0,0,173,141,16,30
160,2,3,4,1,3,4,2,2,1,2,3,2,0,0,0,0,2,3,1,4,4,4,1,1,0,0,0,0,129,141,16,30
161,2,3,4,1,3,4,2,2,1,2,2,0,0,0,0,0,2,3,1,4,4,4,1,1,2,2,0,0,173,125,16,30
162,2,2,3,1,3,4,2,2,2,2,0,0,0,0,0,0,2,3,1,4,4,4,1,1,0,0,0,0,174,125,16,30
163,2,3,4,1,3,4,2,2,1,2,0,0,0,0,0,0,2,3,1,4,2,4,1,0,0,0,0,0,129,134,16,30
164,2,3,4,1,3,4,2,2,1,2,2,0,0,0,0,0,2,3,1,4,4,4,1,1,2,2,0,0,173,125,16,30
165,2,3,4,1,3,4,2,2,1,2,2,0,0,0,0,0,2,3,1,4,4,4,1,1,2,2,0,0,173,125,16,30
166,2,3,2,1,3,4,2,2,2,2,0,0,0,0,0,0,2,3,1,4,4,4,1,1,0,0,0,0,128,134,16,30
167,2,3,4,1,3,4,2,2,1,2,0,0,0,0,0,0,2,3,1,4,2,4,1,0,0,0,0,0,128,125,16,30
168,2,3,4,1,3,4,2,2,1,2,2,0,0,0,0,0,2,3,1,4,4,4,1,1,0,0,0,0,131,128,16,30
169,2,3,4,1,3,4,2,2,1,2,3,2,0,0,0,0,2,3,1,4,4,4,1,1,2,2,0,0,173,168,16,30
170,2,3,4,1,3,4,2,2,1,2,2,0,0,0,0,0,2,3,1,4,4,4,1,1,2,0,0,0,175,125,16,30
171,2,3,4,1,3,4,2,2,1,2,3,2,0,0,0,0,2,3,1,4,4,4,1,1,0,0,0,0,132,128,16,30
172,2,3,4,1,3,4,2,2,1,2,3,2,0,0,0,0,2,3,1,4,4,4,1,1,0,0,0,0,127,127,16,30
173,2,3,4,1,3,4,2,2,1,2,2,0,0,0,0,0,2,3,1,4,4,4,1,1,2,0,0,0,136,125,16,30
174,2,3,4,1,3,4,2,2,1,2,0,0,0,0,0,0,2,3,1,4,2,4,1,0,0,0,0,0,129,125,16,30
175,2,3,4,1,3,4,2,2,1,2,2,0,0,0,0,0,2,3,1,4,4,4,1,1,0,0,0,0,130,125,16,30
176,2,3,4,1,3,4,2,2,1,2,3,2,0,0,0,0,2,3,1,4,4,4,1,1,0,0,0,0,126,126,16,30
177,2,3,4,1,3,4,2,2,1,2,2,0,0,0,0,0,2,3,1,4,4,4,1,1,0,0,0,0,134,128,16,30
178,2,3,4,1,3,4,2,2,1,2,3,0,0,0,0,0,2,3,1,4,4,4,1,1,2,2,0,0,173,152,16,30
179,2,3,4,1,3,4,2,2,1,2,2,0,0,0,0,0,2,3,1,4,4,4,1,1,2,2,0,0,174,142,16,30
180,2,3,4,1,3,4,2,2,1,2,2,0,0,0,0,0,2,3,1,4,4,4,1,1,2,0,0,0,173,125,16,30
181,2,3,4,1,3,4,2,2,1,2,2,0,0,0,0,0,2,3,1,4,4,4,1,1,2,2,0,0,175,142,16,30
182,2,3,4,1,3,4,2,2,1,2,3,0,0,0,0,0,2,3,1,4,4,4,1,1,2,2,0,0,173,152,16,30
183,2,3,4,1,3,4,2,2,1,2,2,0,0,0,0,0,2,3,1,4,4,4,1,1,0,0,0,0,131,128,16,30
184,2,3,4,1,3,4,2,2,1,2,2,0,0,0,0,0,2,3,1,4,4,4,1,1,2,2,0,0,175,166,16,30
185,2,2,3,1,3,4,2,2,2,2,0,0,0,0,0,0,2,3,1,4,4,4,1,1,0,0,0,0,134,128,16,30
186,2,3,4,1,3,4,2,2,1,2,2,0,0,0,0,0,2,3,1,4,4,4,1,1,2,2,0,0,174,140,16,30
187,2,2,3,1,3,4,2,2,2,2,0,0,0,0,0,0,2,3,1,4,4,4,1,1,0,0,0,0,173,125,16,30
188,2,3,4,1,3,4,2,2,1,2,2,0,0,0,0,0,2,3,1,4,4,4,1,1,2,2,0,0,169,126,16,30
189,2,3,4,1,3,4,2,2,1,2,3,2,0,0,0,0,2,3,1,4,4,4,1,1,0,0,0,0,129,141,16,30
190,2,3,4,1,3,4,2,2,1,2,2,0,0,0,0,0,2,3,1,4,4,4,1,1,2,0,0,0,173,128,16,30
191,2,3,4,1,3,4,2,2,1,2,2,0,0,0,0,0,2,3,1,4,4,4,1,1,2,0,0,0,134,128,16,30
192,2,3,4,1,3,4,2,2,1,2,2,0,0,0,0,0,2,3,1,4,4,4,1,1,0,0,0,0,128,127,16,30
193,2,3,4,1,3,4,2,2,1,2,0,0,0,0,0,0,2,3,1,4,2,4,1,0,0,0,0,0,128,126,16,30
194,2,3,4,1,3,4,2,2,1,2,3,2,0,0,0,0,2,3,1,4,4,4,1,1,0,0,0,0,127,127,16,30
195,2,2,3,2,1,4,2,2,2,2,0,0,0,0,0,0,2,3,1,4,4,4,1,1,2,0,0,0,174,134,16,30
196,2,3,4,1,3,4,2,2,1,2,2,0,0,0,0,0,2,3,1,4,4,4,1,1,2,0,0,0,172,126,16,30
197,2,3,4,1,3,4,2,2,1,2,2,0,0,0,0,0,2,3,1,4,4,4,1,1,2,2,0,0,174,142,16,30
198,2,3,4,1,3,4,2,2,1,2,2,0,0,0,0,0,2,3,1,4,2,4,1,0,0,0,0,0,127,134,16,30
199,2,3,4,1,3,4,2,2,1,2,2,0,0,0,0,0,2,3,1,4,4,4,1,1,0,0,0,0,151,126,16,30
200,2,3,4,1,3,4,2,2,1,2,2,0,0,0,0,0,2,3,1,4,4,4,1,1,0,0,0,0,133,125,16,30
201,2,3,4,1,3,4,2,2,1,2,2,0,0,0,0,0,2,3,1,4,4,4,1,1,2,2,0,0,172,125,16,30
202,2,2,3,1,3,4,2,2,2,2,0,0,0,0,0,0,2,3,1,4,4,4,1,1,0,0,0,0,134,125,16,30
203,2,3,4,1,3,4,2,2,1,2,2,0,0,0,0,0,2,3,1,4,4,4,1,1,2,2,0,0,171,126,16,30
204,2,2,2,1,3,4,2,2,2,2,0,0,0,0,0,0,2,3,1,4,4,4,1,1,2,0,0,0,169,126,16,30
205,2,3,4,1,3,4,2,2,1,2,3,2,0,0,0,0,2,3,1,4,4,4,1,1,2,0,0,0,127,127,16,30
206,2,3,4,1,3,4,2,2,1,2,2,0,0,0,0,0,2,3,1,4,4,4,1,1,2,2,0,0,174,166,16,30
207,2,2,2,1,3,4,2,2,2,2,0,0,0,0,0,0,2,3,1,4,4,4,1,1,2,2,0,0,170,125,16,30
208,2,3,4,1,3,4,2,2,1,2,2,0,0,0,0,0,2,3,1,4,4,4,1,1,2,0,0,0,173,125,16,30
209,2,3,4,1,3,4,2,2,1,2,3,2,0,0,0,0,2,3,1,4,4,4,1,1,2,2,0,0,172,161,16,30
210,2,3,3,2,3,4,2,2,2,1,0,0,0,0,0,0,2,3,1,4,4,4,1,1,0,0,0,0,172,125,16,30
211,2,3,2,1,3,4,2,2,2,2,0,0,0,0,0,0,2,3,1,4,4,4,1,1,2,2,0,0,174,142,16,30
212,2,3,4,1,3,4,2,2,1,2,2,0,0,0,0,0,2,3,1,4,4,4,1,1,2,2,0,0,173,141,16,30
213,2,2,3,2,1,4,2,2,2,2,0,0,0,0,0,0,2,3,1,4,4,4,1,1,0,0,0,0,173,134,16,30
214,2,3,4,1,3,4,2,2,1,2,2,0,0,0,0,0,2,3,1,4,4,4,1,1,0,0,0,0,135,128,16,30
215,2,3,4,1,3,4,2,2,1,2,2,0,0,0,0,0,2,3,1,4,4,4,1,1,0,0,0,0,133,125,16,30
216,2,2,2,1,3,4,2,2,2,2,0,0,0,0,0,0,2,3,1,4,4,4,1,1,2,0,0,0,174,125,16,30
217,2,3,4,1,3,4,2,2,1,2,2,0,0,0,0,0,2,3,1,4,4,4,1,1,2,0,0,0,173,128,16,30
218,2,3,4,1,3,4,2,2,1,2,2,0,0,0,0,0,2,3,1,4,4,4,1,1,2,2,0,0,169,125,16,30
219,2,3,4,1,3,4,2,2,1,2,3,2,0,0,0,0,2,3,1,4,4,4,1,1,0,0,0,0,130,127,16,30
220,2,3,4,1,3,4,2,2,1,2,2,0,0,0,0,0,2,3,1,4,2,4,1,0,0,0,0,0,129,125,16,30
221,2,3,4,1,3,4,2,2,1,2,2,0,0,0,0,0,2,3,1,4,4,4,1,1,0,0,0,0,131,128,16,30
222,2,3,4,1,3,4,2,2,1,2,2,0,0,0,0,0,2,3,1,4,4,4,1,1,2,2,0,0,173,125,16,30
223,2,3,4,1,3,4,2,2,1,2,0,0,0,0,0,0,2,3,1,4,2,4,1,0,0,0,0,0,128,134,16,30
224,2,3,4,1,3,4,2,2,1,2,3,0,0,0,0,0,2,3,1,4,4,4,1,1,2,2,0,0,173,152,16,30
225,2,3,4,1,3,4,2,2,1,2,3,2,0,0,0,0,2,3,1,4,4,4,1,1,2,2,0,0,172,161,16,30
226,2,3,4,1,3,4,2,2,1,2,3,2,0,0,0,0,2,3,1,4,4,4,1,1,2,2,0,0,173,165,16,30
227,2,2,3,2,1,4,2,2,2,2,0,0,0,0,0,0,2,3,1,4,4,4,1,1,2,0,0,0,173,134,16,30
228,2,3,4,1,3,4,2,2,1,2,2,0,0,0,0,0,2,3,1,4,4,4,1,1,2,2,0,0,173,141,16,30
229,2,3,4,1,3,4,2,2,1,2,2,0,0,0,0,0,2,3,1,4,4,4,1,1,2,2,0,0,173,134,16,30
230,2,3,4,1,3,4,2,2,1,2,0,0,0,0,0,0,2,3,1,4,2,4,1,0,0,0,0,0,128,125,16,30
231,2,3,4,1,3,4,2,2,1,2,3,2,0,0,0,0,2,3,1,4,4,4,1,1,2,0,0,0,131,128,16,30
232,2,3,4,1,3,4,2,2,1,2,2,0,0,0,0,0,2,3,1,4,4,4,1,1,2,0,0,0,175,125,16,30
233,2,3,4,1,3,4,2,2,1,2,2,0,0,0,0,0,2,3,1,4,4,4,1,1,2,2,0,0,174,142,16,30
234,2,3,4,1,3,4,2,2,1,2,3,2,0,0,0,0,2,3,1,4,4,4,1,1,0,0,0,0,127,127,16,30
235,2,3,4,1,3,4,2,2,1,2,2,0,0,0,0,0,2,3,1,4,4,4,1,1,0,0,0,0,131,141,16,30
236,2,1,3,4,3,4,2,2,1,2,2,0,0,0,0,0,2,3,1,4,4,4,1,1,2,2,0,0,170,166,16,30
237,2,3,4,1,3,4,2,2,1,2,2,0,0,0,0,0,2,3,1,4,4,4,1,1,2,0,0,0,173,125,16,30
238,2,3,4,1,3,4,2,2,1,2,2,0,0,0,0,0,2,3,1,4,4,4,1,1,2,2,0,0,173,134,16,30
239,2,3,4,1,3,4,2,2,1,2,2,0,0,0,0,0,2,3,1,4,4,4,1,1,2,2,0,0,174,125,16,30
240,2,3,4,1,3,4,2,2,1,2,3,2,0,0,0,0,2,3,1,4,4,4,1,1,2,0,0,0,131,128,16,30
241,2,3,4,1,3,4,2,2,1,2,3,2,0,0,0,0,2,3,1,4,4,4,1,1,0,0,0,0,130,127,16,30
242,2,3,4,1,3,4,2,2,1,2,2,0,0,0,0,0,2,3,1,4,4,4,1,1,2,0,0,0,172,128,16,30
243,2,3,4,1,3,4,2,2,1,2,2,0,0,0,0,0,2,3,1,4,4,4,1,1,2,2,0,0,175,125,16,30
244,2,3,4,1,3,4,2,2,1,2,3,2,0,0,0,0,2,3,1,4,4,4,1,1,0,0,0,0,127,127,16,30
245,2,3,4,1,3,4,2,2,1,2,3,2,0,0,0,0,2,3,1,4,4,4,1,1,0,0,0,0,127,127,16,30
246,2,3,4,1,3,4,2,2,1,2,2,0,0,0,0,0,2,3,1,4,4,4,1,1,2,2,0,0,174,125,16,30
247,2,3,4,1,3,4,2,2,1,2,2,0,0,0,0,0,2,3,1,4,4,4,1,1,2,2,0,0,174,125,16,30
248,2,3,4,1,3,4,2,2,1,2,2,0,0,0,0,0,2,3,1,4,4,4,1,1,0,0,0,0,135,125,16,30
249,2,3,4,1,3,4,2,2,1,2,2,0,0,0,0,0,2,3,1,4,2,4,1,0,0,0,0,0,129,125,16,30
250,2,3,4,1,3,4,2,2,1,2,3,2,0,0,0,0,2,3,1,4,4,4,1,1,2,2,0,0,173,125,16,30
251,2,3,4,1,3,4,2,2,1,2,3,2,0,0,0,0,2,3,1,4,4,4,1,1,0,0,0,0,129,141,16,30
252,2,3,4,1,3,4,2,2,1,2,2,0,0,0,0,0,2,3,1,4,4,4,1,1,0,0,0,0,133,125,16,30
253,2,3,4,1,3,4,2,2,1,2,0,0,0,0,0,0,2,3,1,4,2,4,1,0,0,0,0,0,128,125,16,30
254,2,3,4,1,3,4,2,2,1,2,2,0,0,0,0,0,2,3,1,4,4,4,1,1,2,2,0,0,171,126,16,30
255,2,2,2,1,3,4,2,2,2,2,0,0,0,0,0,0,2,3,1,4,4,4,1,1,2,2,0,0,173,134,16,30
256,2,2,2,1,3,4,2,2,2,2,0,0,0,0,0,0,2,3,1,4,4,4,1,1,2,2,0,0,173,134,16,30
257,2,3,4,1,3,4,2,2,1,2,2,0,0,0,0,0,2,3,1,4,4,4,1,1,0,0,0,0,133,125,16,30
258,2,2,2,1,3,4,2,2,2,2,0,0,0,0,0,0,2,3,1,4,4,4,1,1,2,2,0,0,173,134,16,30
259,2,3,4,1,3,4,2,2,1,2,2,0,0,0,0,0,2,3,1,4,4,4,1,1,2,0,0,0,173,125,16,30
260,2,3,4,1,3,4,2,2,1,2,2,0,0,0,0,0,2,3,1,4,4,4,1,1,2,0,0,0,172,125,16,30
261,2,3,4,1,3,4,2,2,1,2,3,0,0,0,0,0,2,3,1,4,4,4,1,1,2,2,0,0,173,152,16,30
262,2,3,4,1,3,4,2,2,1,2,3,2,0,0,0,0,2,3,1,4,4,4,1,1,0,0,0,0,127,127,16,30
263,2,3,4,1,3,4,2,2,1,2,2,0,0,0,0,0,2,3,1,4,4,4,1,1,2,2,0,0,175,134,16,30
264,2,3,4,1,3,4,2,2,1,2,2,0,0,0,0,0,2,3,1,4,4,4,1,1,2,2,0,0,169,125,16,30
265,2,3,4,1,3,4,2,2,1,2,2,0,0,0,0,0,2,3,1,4,4,4,1,1,2,2,0,0,173,125,16,30
266,2,3,4,1,3,4,2,2,1,2,2,0,0,0,0,0,2,3,1,4,4,4,1,1,0,0,0,0,128,133,16,30
267,2,3,4,1,3,4,2,2,1,2,2,0,0,0,0,0,2,3,1,4,4,4,1,1,0,0,0,0,133,128,16,30
268,2,3,4,1,3,4,2,2,1,2,2,0,0,0,0,0,2,3,1,4,4,4,1,1,2,0,0,0,168,126,16,30
269,2,3,4,1,3,4,2,2,1,2,3,2,0,0,0,0,2,3,1,4,4,4,1,1,2,2,0,0,175,161,16,30
270,2,3,4,1,3,4,2,2,1,2,2,0,0,0,0,0,2,3,1,4,4,4,1,1,2,2,0,0,174,133,16,30
271,2,1,3,4,3,4,2,2,3,2,1,0,0,0,0,0,2,3,1,4,4,4,1,1,2,2,0,0,173,164,16,30
272,2,1,3,4,3,4,2,2,3,2,1,0,0,0,0,0,2,3,1,4,4,4,1,1,2,2,0,0,170,125,16,30
273,2,2,3,1,3,4,2,2,2,2,0,0,0,0,0,0,2,3,1,4,4,4,1,1,0,0,0,0,173,125,16,30
274,2,3,4,1,3,4,2,2,1,2,2,0,0,0,0,0,2,3,1,4,4,4,1,1,2,0,0,0,172,126,16,30
275,2,3,4,1,3,4,2,2,1,2,3,2,0,0,0,0,2,3,1,4,4,4,1,1,2,2,0,0,173,152,16,30
276,2,3,4,1,3,4,2,2,1,2,2,0,0,0,0,0,2,3,1,4,4,4,1,1,2,2,0,0,174,141,16,30
277,2,3,4,1,3,4,2,2,1,2,2,0,0,0,0,0,2,3,1,4,4,4,1,1,2,2,0,0,174,142,16,30
278,2,3,4,1,3,4,2,2,1,2,2,0,0,0,0,0,2,3,1,4,4,4,1,1,2,0,0,0,173,128,16,30
279,2,3,4,1,3,4,2,2,1,2,2,0,0,0,0,0,2,3,1,4,4,4,1,1,2,0,0,0,173,126,16,30
280,2,3,4,1,3,4,2,2,1,2,2,0,0,0,0,0,2,3,1,4,2,4,1,0,0,0,0,0,128,125,16,30
281,2,3,4,1,3,4,2,2,1,2,0,0,0,0,0,0,2,3,1,4,2,4,1,0,0,0,0,0,128,125,16,30
282,2,3,4,1,3,4,2,2,1,2,2,0,0,0,0,0,2,3,1,4,4,4,1,1,0,0,0,0,131,128,16,30
283,2,3,4,1,3,4,2,2,1,2,2,0,0,0,0,0,2,3,1,4,4,4,1,1,2,2,0,0,169,125,16,30
284,2,3,4,1,3,4,2,2,1,2,2,0,0,0,0,0,2,3,1,4,2,4,1,0,0,0,0,0,127,134,16,30
285,2,3,4,1,3,4,2,2,1,2,0,0,0,0,0,0,2,3,1,4,2,4,1,0,0,0,0,0,129,125,16,30
286,2,3,4,1,3,4,2,2,1,2,0,0,0,0,0,0,2,3,1,4,2,4,1,0,0,0,0,0,128,125,16,30
287,2,3,4,1,3,4,2,2,1,2,2,0,0,0,0,0,2,3,1,4,4,4,1,1,0,0,0,0,133,125,16,30
288,2,3,2,1,3,4,2,2,2,2,0,0,0,0,0,0,2,3,1,4,4,4,1,1,2,2,0,0,174,142,16,30
289,2,3,4,1,3,4,2,2,1,2,2,0,0,0,0,0,2,3,1,4,4,4,1,1,0,0,0,0,135,127,16,30
290,2,3,4,1,3,4,2,2,1,2,2,0,0,0,0,0,2,3,1,4,4,4,1,1,2,0,0,0,174,128,16,30
291,2,3,4,1,3,4,2,2,1,2,2,0,0,0,0,0,2,3,1,4,4,4,1,1,2,2,0,0,173,125,16,30
292,2,3,4,1,3,4,2,2,1,2,3,0,0,0,0,0,2,3,1,4,4,4,1,1,2,2,0,0,173,152,16,30
293,2,3,4,1,3,4,2,2,1,2,0,0,0,0,0,0,2,3,1,4,2,4,1,0,0,0,0,0,129,125,16,30
294,2,3,4,1,3,4,2,2,1,2,2,0,0,0,0,0,2,3,1,4,4,4,1,1,2,2,0,0,173,141,16,30
295,2,3,4,1,3,4,2,2,1,2,2,0,0,0,0,0,2,3,1,4,4,4,1,1,2,2,0,0,173,133,16,30
296,2,3,4,1,3,4,2,2,1,2,0,0,0,0,0,0,2,3,1,4,2,4,1,0,0,0,0,0,128,133,16,30
297,2,3,4,1,3,4,2,2,1,2,2,0,0,0,0,0,2,3,1,4,4,4,1,1,2,2,0,0,175,163,16,30
298,2,3,4,1,3,4,2,2,1,2,3,2,0,0,0,0,2,3,1,4,4,4,1,1,0,0,0,0,128,143,16,30
299,2,3,4,1,3,4,2,2,1,2,2,0,0,0,0,0,2,3,1,4,4,4,1,1,2,2,0,0,172,161,16,30
300,2,3,4,1,3,4,2,2,1,2,2,0,0,0,0,0,2,3,1,4,4,4,1,1,2,0,0,0,175,125,16,30
301,2,3,4,1,3,4,2,2,1,2,2,2,0,0,0,0,2,3,1,4,4,4,1,1,0,0,0,0,125,125,16,30
302,2,3,4,1,3,4,2,2,1,2,2,0,0,0,0,0,2,3,1,4,4,4,1,1,2,2,0,0,173,125,16,30
303,2,3,4,1,3,4,2,2,1,2,2,0,0,0,0,0,2,3,1,4,4,4,1,1,0,0,0,0,130,125,16,30
304,3,2,4,1,3,4,2,2,1,2,2,0,0,0,0,0,2,3,1,4,4,4,1,1,2,2,0,0,175,152,16,30
305,2,2,3,1,3,4,2,2,2,2,0,0,0,0,0,0,2,3,1,4,4,4,1,1,0,0,0,0,174,125,16,30
306,2,3,4,1,3,4,2,2,1,2,2,0,0,0,0,0,2,3,1,4,4,4,1,1,0,0,0,0,128,126,16,30
307,3,1,2,4,3,4,2,2,3,2,1,0,0,0,0,0,2,3,1,2,4,4,1,1,4,0,0,0,175,162,16,30
308,2,3,4,1,3,4,2,2,1,2,2,0,0,0,0,0,2,3,1,4,4,4,1,1,0,0,0,0,134,128,16,30
309,2,3,4,1,3,4,2,2,1,2,2,0,0,0,0,0,2,3,1,4,4,4,1,1,2,2,0,0,172,125,16,30
310,2,3,2,1,3,4,2,2,2,2,0,0,0,0,0,0,2,3,1,4,4,4,1,1,2,2,0,0,174,142,16,30
311,2,3,4,1,3,4,2,2,1,2,2,0,0,0,0,0,2,3,1,4,4,4,1,1,0,0,0,0,151,126,16,30
312,2,3,4,1,3,4,2,2,1,2,2,0,0,0,0,0,2,3,1,4,4,4,1,1,2,2,0,0,174,125,16,30
313,2,2,3,2,1,4,2,2,2,2,0,0,0,0,0,0,2,3,1,4,4,4,1,1,0,0,0,0,173,134,16,30
314,2,3,4,1,3,4,2,2,1,2,2,0,0,0,0,0,2,3,1,4,4,4,1,1,0,0,0,0,131,141,16,30
315,2,3,2,1,3,4,2,2,2,2,0,0,0,0,0,0,2,3,1,4,4,4,1,1,0,0,0,0,127,125,16,30
316,2,3,4,1,3,4,2,2,1,2,2,0,0,0,0,0,2,3,1,4,4,4,1,1,2,2,0,0,175,126,16,30
317,2,3,4,1,3,4,2,2,1,2,2,0,0,0,0,0,2,3,1,4,4,4,1,1,0,0,0,0,131,128,16,30
318,2,3,2,2,3,4,2,2,1,2,0,0,0,0,0,0,2,3,1,4,4,4,1,1,0,0,0,0,169,125,16,30
319,2,2,3,2,1,4,2,2,2,2,0,0,0,0,0,0,2,3,1,4,4,4,1,1,0,0,0,0,173,134,16,30
320,2,3,4,1,3,4,2,2,1,2,3,0,0,0,0,0,2,3,1,4,4,4,1,1,2,2,0,0,173,152,16,30
321,2,3,4,1,3,4,2,2,1,2,2,0,0,0,0,0,2,3,1,4,4,4,1,1,2,0,0,0,136,125,16,30
322,2,3,4,1,3,4,2,2,1,2,2,0,0,0,0,0,2,3,1,4,4,4,1,1,0,0,0,0,131,128,16,30
323,2,3,4,1,3,4,2,2,1,2,2,0,0,0,0,0,2,3,1,4,4,4,1,1,2,2,0,0,175,125,16,30
324,2,3,4,1,3,4,2,2,1,2,2,0,0,0,0,0,2,3,1,4,4,4,1,1,2,0,0,0,173,125,16,30
325,2,3,4,1,3,4,2,2,1,2,2,0,0,0,0,0,2,3,1,4,4,4,1,1,2,0,0,0,173,128,16,30
326,2,3,4,1,3,4,2,2,1,2,3,2,0,0,0,0,2,3,1,4,4,4,1,1,2,0,0,0,127,128,16,30
327,2,3,4,1,3,4,2,2,1,2,3,0,0,0,0,0,2,3,1,4,4,4,1,1,2,2,0,0,173,152,16,30
328,2,3,4,1,3,4,2,2,1,2,0,0,0,0,0,0,2,3,1,4,2,4,1,0,0,0,0,0,126,134,16,30
329,2,3,4,1,3,4,2,2,1,2,0,0,0,0,0,0,2,3,1,4,2,4,1,0,0,0,0,0,130,125,16,30
330,2,3,4,1,3,4,2,2,1,2,2,0,0,0,0,0,2,3,1,4,4,4,1,1,2,0,0,0,173,125,16,30
331,2,3,4,1,3,4,2,2,1,2,2,0,0,0,0,0,2,3,1,4,4,4,1,1,2,0,0,0,173,125,16,30
332,2,3,4,1,3,4,2,2,1,2,2,0,0,0,0,0,2,3,1,4,4,4,1,1,0,0,0,0,131,141,16,30
333,2,3,2,1,3,4,2,2,2,2,0,0,0,0,0,0,2,3,1,4,4,4,1,1,2,0,0,0,173,125,16,30
334,2,3,4,1,3,4,2,2,1,2,2,0,0,0,0,0,2,3,1,4,4,4,1,1,2,0,0,0,172,125,16,30
335,2,3,4,1,3,4,2,2,1,2,0,0,0,0,0,0,2,3,1,4,2,4,1,0,0,0,0,0,128,125,16,30
336,2,3,2,2,3,4,2,2,2,1,0,0,0,0,0,0,2,3,1,4,4,4,1,1,2,2,0,0,173,126,16,30
337,2,3,4,1,3,4,2,2,1,2,3,0,0,0,0,0,2,3,1,4,4,4,1,1,2,2,0,0,173,160,16,30
338,2,3,4,1,3,4,2,2,1,2,2,0,0,0,0,0,2,3,1,4,4,4,1,1,2,0,0,0,174,126,16,30
339,2,3,4,1,3,4,2,2,1,2,2,0,0,0,0,0,2,3,1,4,4,4,1,1,2,2,0,0,173,140,16,30
340,2,2,3,2,1,4,2,2,2,2,0,0,0,0,0,0,2,3,1,4,4,4,1,1,2,2,0,0,174,134,16,30
341,2,3,4,1,3,4,2,2,1,2,2,0,0,0,0,0,2,3,1,4,4,4,1,1,2,2,0,0,174,125,16,30
342,2,3,4,1,3,4,2,2,1,2,2,0,0,0,0,0,2,3,1,4,4,4,1,1,0,0,0,0,130,125,16,30
343,2,3,4,1,3,4,2,2,1,2,2,0,0,0,0,0,2,3,1,4,4,4,1,1,0,0,0,0,132,126,16,30
344,2,2,3,2,1,4,2,2,2,2,0,0,0,0,0,0,2,3,1,4,4,4,1,1,2,0,0,0,175,134,16,30
345,2,3,2,2,3,4,2,2,1,2,0,0,0,0,0,0,2,3,1,4,4,4,1,1,0,0,0,0,167,127,16,30
346,2,3,4,1,3,4,2,2,1,2,2,0,0,0,0,0,2,3,1,4,2,4,1,0,0,0,0,0,131,126,16,30
347,2,3,4,1,3,4,2,2,1,2,0,0,0,0,0,0,2,3,1,4,2,4,1,0,0,0,0,0,128,131,16,30
348,2,3,2,4,3,4,2,2,1,2,1,0,0,0,0,0,2,3,1,4,4,4,1,1,2,2,0,0,175,132,16,30
349,2,3,4,1,3,4,2,2,1,2,2,0,0,0,0,0,2,3,1,4,4,4,1,1,0,0,0,0,128,128,16,30
350,2,3,4,1,3,4,2,2,1,2,0,0,0,0,0,0,2,3,1,4,2,4,1,0,0,0,0,0,128,131,16,30
351,2,3,4,1,3,4,2,2,1,2,3,2,0,0,0,0,2,3,1,4,4,4,1,1,0,0,0,0,127,127,16,30
352,2,3,4,1,3,4,2,2,1,2,0,0,0,0,0,0,2,3,1,4,2,4,1,0,0,0,0,0,129,125,16,30
353,2,3,4,1,3,4,2,2,1,2,2,0,0,0,0,0,2,3,1,4,4,4,1,1,2,0,0,0,173,125,16,30
354,2,3,4,1,3,4,2,2,1,2,3,0,0,0,0,0,2,3,1,4,4,4,1,1,2,2,0,0,173,161,16,30
355,2,2,3,1,3,4,2,2,2,2,0,0,0,0,0,0,2,3,1,4,4,4,1,1,0,0,0,0,173,125,16,30
356,2,3,4,1,3,4,2,2,1,2,2,0,0,0,0,0,2,3,1,4,4,4,1,1,0,0,0,0,130,125,16,30
357,2,3,4,1,3,4,2,2,1,2,2,0,0,0,0,0,2,3,1,4,2,4,1,0,0,0,0,0,129,125,16,30
358,2,3,4,1,3,4,2,2,1,2,2,0,0,0,0,0,2,3,1,4,4,4,1,1,2,2,0,0,173,125,16,30
359,2,3,4,1,3,4,2,2,1,2,2,0,0,0,0,0,2,3,1,4,4,4,1,1,2,2,0,0,173,141,16,30
360,2,2,3,1,3,4,2,2,2,2,0,0,0,0,0,0,2,3,1,4,4,4,1,1,0,0,0,0,174,125,16,30
361,2,3,4,1,3,4,2,2,1,2,2,0,0,0,0,0,2,3,1,4,2,4,1,0,0,0,0,0,127,134,16,30
362,2,2,2,1,3,4,2,2,2,2,0,0,0,0,0,0,2,3,1,4,4,4,1,1,0,0,0,0,169,134,16,30
363,2,3,4,1,3,4,2,2,1,2,2,0,0,0,0,0,2,3,1,4,4,4,1,1,2,2,0,0,173,162,16,30
364,2,3,4,1,3,4,2,2,1,2,2,0,0,0,0,0,2,3,1,4,4,4,1,1,2,0,0,0,173,125,16,30
365,2,3,4,1,3,4,2,2,1,2,2,0,0,0,0,0,2,3,1,4,4,4,1,1,2,2,0,0,172,125,16,30
366,2,3,4,1,3,4,2,2,1,2,2,0,0,0,0,0,2,3,1,4,4,4,1,1,0,0,0,0,131,128,16,30
367,2,3,4,1,3,4,2,2,1,2,0,0,0,0,0,0,2,3,1,4,2,4,1,0,0,0,0,0,128,131,16,30
368,2,3,4,1,3,4,2,2,1,2,0,0,0,0,0,0,2,3,1,4,2,4,1,0,0,0,0,0,130,125,16,30
369,2,3,4,1,3,4,2,2,1,2,2,0,0,0,0,0,2,3,1,4,4,4,1,1,2,2,0,0,174,125,16,30
370,2,3,4,1,3,4,2,2,1,2,2,0,0,0,0,0,2,3,1,4,4,4,1,1,2,0,0,0,172,125,16,30
371,2,2,2,1,3,4,2,2,2,2,0,0,0,0,0,0,2,3,1,4,4,4,1,1,0,0,0,0,174,134,16,30
372,2,3,4,1,3,4,2,2,1,2,0,0,0,0,0,0,2,3,1,4,2,4,1,0,0,0,0,0,128,125,16,30
373,2,3,4,1,3,4,2,2,1,2,3,2,0,0,0,0,2,3,1,4,4,4,1,1,0,0,0,0,127,125,16,30
374,2,3,3,2,3,4,2,2,2,1,0,0,0,0,0,0,2,3,1,4,4,4,1,1,0,0,0,0,131,125,16,30
375,2,3,4,1,3,4,2,2,1,2,2,0,0,0,0,0,2,3,1,4,4,4,1,1,2,2,0,0,173,141,16,30
376,2,3,4,1,3,4,2,2,1,2,3,2,0,0,0,0,2,3,1,4,4,4,1,1,2,0,0,0,128,128,16,30
377,2,3,4,1,3,4,2,2,1,2,2,0,0,0,0,0,2,3,1,4,4,4,1,1,2,2,0,0,174,125,16,30
378,2,3,4,1,3,4,2,2,1,2,2,0,0,0,0,0,2,3,1,4,4,4,1,1,2,2,0,0,174,142,16,30
379,2,3,4,1,3,4,2,2,1,2,2,0,0,0,0,0,2,3,1,4,4,4,1,1,2,2,0,0,173,128,16,30
380,2,3,4,1,3,4,2,2,1,2,2,0,0,0,0,0,2,3,1,4,4,4,1,1,2,2,0,0,173,128,16,30
381,2,3,4,1,3,4,2,2,1,2,2,0,0,0,0,0,2,3,1,4,4,4,1,1,2,0,0,0,136,125,16,30
382,2,3,4,1,3,4,2,2,1,2,2,0,0,0,0,0,2,3,1,4,4,4,1,1,2,2,0,0,169,125,16,30
383,2,3,4,1,3,4,2,2,1,2,2,0,0,0,0,0,2,3,1,4,4,4,1,1,2,2,0,0,169,126,16,30
384,2,3,4,1,3,4,2,2,1,2,2,0,0,0,0,0,2,3,1,4,4,4,1,1,2,2,0,0,173,125,16,30
385,2,3,4,1,3,4,2,2,1,2,3,2,0,0,0,0,2,3,1,4,4,4,1,1,0,0,0,0,130,127,16,30
386,2,3,4,1,3,4,2,2,1,2,2,0,0,0,0,0,2,3,1,4,4,4,1,1,2,2,0,0,169,126,16,30
387,2,3,3,2,1,4,2,2,2,2,0,0,0,0,0,0,2,3,1,4,4,4,1,1,0,0,0,0,173,126,16,30
388,2,3,4,1,3,4,2,2,1,2,2,0,0,0,0,0,2,3,1,4,4,4,1,1,2,0,0,0,136,125,16,30
389,2,4,3,2,3,1,2,2,2,2,0,0,0,0,0,0,2,1,1,3,4,4,4,1,2,0,0,0,170,127,16,30
390,2,3,4,1,3,4,2,2,1,2,2,0,0,0,0,0,2,3,1,4,4,4,1,1,2,2,0,0,175,125,16,30
391,2,3,4,1,3,4,2,2,1,2,2,0,0,0,0,0,2,3,1,4,4,4,1,1,0,0,0,0,130,125,16,30
392,2,3,4,1,3,4,2,2,1,2,2,0,0,0,0,0,2,3,1,4,4,4,1,1,2,2,0,0,175,125,16,30
393,2,3,4,1,3,4,2,2,1,2,2,0,0,0,0,0,2,3,1,4,2,4,1,0,0,0,0,0,127,134,16,30
394,2,3,4,1,3,4,2,2,1,2,2,0,0,0,0,0,2,3,1,4,4,4,1,1,2,2,0,0,175,125,16,30
395,2,3,4,1,3,4,2,2,1,2,2,0,0,0,0,0,2,3,1,4,4,4,1,1,0,0,0,0,131,141,16,30
396,2,3,4,1,3,4,2,2,1,2,2,0,0,0,0,0,2,3,1,4,4,4,1,1,0,0,0,0,133,125,16,30
397,2,3,4,1,3,4,2,2,1,2,0,0,0,0,0,0,2,3,1,4,2,4,1,0,0,0,0,0,129,125,16,30
398,2,3,4,1,3,4,2,2,1,2,2,0,0,0,0,0,2,3,1,4,4,4,1,1,2,0,0,0,135,125,16,30
399,2,3,4,1,3,4,2,2,1,2,2,0,0,0,0,0,2,3,1,4,2,4,1,0,0,0,0,0,129,125,16,30
400,2,3,4,1,3,4,2,2,1,2,2,0,0,0,0,0,2,3,1,4,4,4,1,1,0,0,0,0,128,125,16,30
401,2,3,4,1,3,4,2,2,1,2,3,2,0,0,0,0,2,3,1,4,4,4,1,1,0,0,0,0,127,127,16,30
402,2,3,4,1,3,4,2,2,1,2,2,0,0,0,0,0,2,3,1,4,4,4,1,1,2,0,0,0,173,125,16,30
403,2,3,4,1,3,4,2,2,1,2,0,0,0,0,0,0,2,3,1,4,2,4,1,0,0,0,0,0,126,125,16,30
404,2,3,4,1,3,4,2,2,1,2,3,2,0,0,0,0,2,3,1,4,4,4,1,1,2,0,0,0,131,128,16,30
405,2,3,4,1,3,4,2,2,1,2,2,0,0,0,0,0,2,3,1,4,4,4,1,1,2,2,0,0,174,141,16,30
406,2,2,2,1,3,4,2,2,2,2,0,0,0,0,0,0,2,3,1,4,4,4,1,1,0,0,0,0,169,134,16,30
407,2,3,4,1,3,4,2,2,1,2,2,0,0,0,0,0,2,3,1,4,2,4,1,0,0,0,0,0,129,125,16,30
408,2,3,4,1,3,4,2,2,1,2,2,0,0,0,0,0,2,3,1,4,4,4,1,1,2,0,0,0,173,125,16,30
409,2,3,4,1,3,4,2,2,1,2,3,2,0,0,0,0,2,3,1,4,4,4,1,1,0,0,0,0,129,141,16,30
410,2,3,4,1,3,4,2,2,1,2,2,0,0,0,0,0,2,3,1,4,4,4,1,1,2,0,0,0,174,128,16,30
411,2,3,4,1,3,4,2,2,1,2,2,0,0,0,0,0,2,3,1,4,4,4,1,1,0,0,0,0,125,125,16,30
412,2,3,4,1,3,4,2,2,1,2,2,0,0,0,0,0,2,3,1,4,4,4,1,1,0,0,0,0,131,125,16,30
413,2,3,4,1,3,4,2,2,1,2,2,0,0,0,0,0,2,3,1,4,4,4,1,1,0,0,0,0,132,125,16,30
414,2,3,4,1,3,4,2,2,1,2,2,0,0,0,0,0,2,3,1,4,4,4,1,1,0,0,0,0,134,128,16,30
415,2,3,4,1,3,4,2,2,1,2,2,0,0,0,0,0,2,3,1,4,4,4,1,1,2,2,0,0,169,125,16,30
416,2,3,4,1,3,4,2,2,1,2,2,0,0,0,0,0,2,3,1,4,4,4,1,1,2,2,0,0,175,162,16,30
417,2,3,4,1,3,4,2,2,1,2,2,0,0,0,0,0,2,3,1,4,4,4,1,1,0,0,0,0,135,125,16,30
418,2,3,4,1,3,4,2,2,1,2,2,0,0,0,0,0,2,3,1,4,4,4,1,1,0,0,0,0,135,125,16,30
419,2,3,4,1,3,4,2,2,1,2,3,2,0,0,0,0,2,3,1,4,4,4,1,1,2,0,0,0,131,128,16,30
420,2,3,4,1,3,4,2,2,1,2,2,0,0,0,0,0,2,3,1,4,4,4,1,1,2,2,0,0,169,125,16,30
421,2,3,4,1,3,4,2,2,1,2,2,0,0,0,0,0,2,3,1,4,4,4,1,1,2,0,0,0,175,125,16,30
422,2,3,4,1,3,4,2,2,1,2,0,0,0,0,0,0,2,3,1,4,2,4,1,0,0,0,0,0,130,125,16,30
423,2,2,3,1,3,4,2,2,2,2,0,0,0,0,0,0,2,3,1,4,4,4,1,1,0,0,0,0,174,125,16,30
424,2,3,4,1,3,4,2,2,1,2,2,0,0,0,0,0,2,3,1,4,4,4,1,1,2,2,0,0,173,125,16,30
425,2,3,4,1,3,4,2,2,2,1,3,0,0,0,0,0,2,3,1,4,4,4,1,1,0,0,0,0,127,126,16,30
426,2,3,4,1,3,4,2,2,1,2,2,0,0,0,0,0,2,3,1,4,2,4,1,0,0,0,0,0,128,128,16,30
427,2,3,4,1,3,4,2,2,1,2,2,0,0,0,0,0,2,3,1,4,4,4,1,1,2,0,0,0,173,125,16,30
428,2,3,4,1,3,4,2,2,1,2,2,0,0,0,0,0,2,3,1,4,4,4,1,1,0,0,0,0,130,125,16,30
429,2,3,4,1,3,4,2,2,1,2,2,0,0,0,0,0,2,3,1,4,4,4,1,1,0,0,0,0,134,128,16,30
430,2,3,4,1,3,4,2,2,1,2,2,0,0,0,0,0,2,3,1,4,4,4,1,1,0,0,0,0,128,125,16,30
431,2,3,4,1,3,4,2,2,1,2,2,0,0,0,0,0,2,3,1,4,4,4,1,1,2,2,0,0,174,125,16,30
432,2,3,4,1,3,4,2,2,1,2,2,0,0,0,0,0,2,3,1,4,4,4,1,1,2,2,0,0,173,125,16,30
433,2,3,4,1,3,4,2,2,1,2,2,0,0,0,0,0,2,3,1,4,4,4,1,1,0,0,0,0,151,126,16,30
434,2,3,4,1,3,4,2,2,1,2,2,0,0,0,0,0,2,3,1,4,4,4,1,1,2,0,0,0,136,125,16,30
435,2,3,4,1,3,4,2,2,1,2,2,0,0,0,0,0,2,3,1,4,2,4,1,0,0,0,0,0,127,126,16,30
436,2,3,4,1,3,4,2,2,1,2,0,0,0,0,0,0,2,3,1,4,2,4,1,0,0,0,0,0,130,131,16,30
437,2,2,3,1,3,4,2,2,2,2,0,0,0,0,0,0,2,3,1,4,4,4,1,1,0,0,0,0,174,125,16,30
438,2,3,2,4,3,4,2,2,1,2,1,0,0,0,0,0,2,3,1,4,4,4,1,1,2,2,0,0,170,161,16,30
439,2,3,4,1,3,4,2,2,1,2,2,0,0,0,0,0,2,3,1,4,4,4,1,1,2,0,0,0,136,125,16,30
440,2,3,4,1,3,4,2,2,1,2,2,0,0,0,0,0,2,3,1,4,4,4,1,1,2,2,0,0,175,125,16,30
441,2,3,4,1,3,4,2,2,1,2,2,0,0,0,0,0,2,3,1,4,4,4,1,1,2,0,0,0,135,125,16,30
442,2,2,3,1,3,4,2,2,2,2,0,0,0,0,0,0,2,3,1,4,4,4,1,1,0,0,0,0,134,125,16,30
443,2,3,4,1,3,4,2,2,1,2,2,0,0,0,0,0,2,3,1,4,2,4,1,0,0,0,0,0,128,125,16,30
444,2,3,4,1,3,4,2,2,1,2,2,0,0,0,0,0,2,3,1,4,4,4,1,1,2,2,0,0,174,133,16,30
445,2,2,3,1,3,4,2,2,2,2,0,0,0,0,0,0,2,3,1,4,4,4,1,1,0,0,0,0,174,125,16,30
446,2,3,4,1,3,4,2,2,1,2,2,0,0,0,0,0,2,3,1,4,4,4,1,1,2,2,0,0,173,126,16,30
447,2,3,4,1,3,4,2,2,1,2,2,0,0,0,0,0,2,3,1,4,4,4,1,1,2,0,0,0,136,125,16,30
448,2,3,4,1,3,4,2,2,1,2,3,2,0,0,0,0,2,3,1,4,4,4,1,1,2,2,0,0,173,125,16,30
449,2,3,4,1,3,4,2,2,1,2,2,0,0,0,0,0,2,3,1,4,2,4,1,0,0,0,0,0,130,128,16,30
450,2,3,4,1,3,4,2,2,1,2,2,0,0,0,0,0,2,3,1,4,4,4,1,1,0,0,0,0,127,125,16,30
451,2,2,1,3,3,4,2,3,1,2,2,4,4,1,0,0,2,3,1,1,4,3,4,4,1,2,0,0,166,149,16,30
452,2,3,4,1,3,4,2,2,1,2,0,0,0,0,0,0,2,3,1,4,2,4,1,0,0,0,0,0,131,126,16,30
453,2,3,3,2,3,4,2,2,2,1,0,0,0,0,0,0,2,3,1,4,4,4,1,1,0,0,0,0,172,125,16,30
454,2,3,4,1,3,4,2,2,1,2,0,0,0,0,0,0,2,3,1,4,2,4,1,0,0,0,0,0,128,125,16,30
455,2,3,4,1,3,4,2,2,1,2,2,0,0,0,0,0,2,3,1,4,4,4,1,1,0,0,0,0,131,125,16,30
456,2,3,4,1,3,4,2,2,1,2,2,0,0,0,0,0,2,3,1,4,4,4,1,1,2,0,0,0,172,126,16,30
457,2,3,4,1,3,4,2,2,1,2,2,0,0,0,0,0,2,3,1,4,4,4,1,1,2,0,0,0,173,125,16,30
458,2,3,4,1,3,4,2,2,1,2,2,0,0,0,0,0,2,3,1,4,4,4,1,1,0,0,0,0,131,128,16,30
459,2,3,4,1,3,4,2,2,1,2,2,0,0,0,0,0,2,3,1,4,4,4,1,1,2,2,0,0,172,125,16,30
460,2,3,4,1,3,4,2,2,1,2,2,0,0,0,0,0,2,3,1,4,4,4,1,1,2,0,0,0,172,128,16,30
461,2,3,4,1,3,4,2,2,1,2,2,0,0,0,0,0,2,3,1,4,4,4,1,1,0,0,0,0,128,127,16,30
462,2,3,4,1,3,4,2,2,1,2,2,0,0,0,0,0,2,3,1,4,4,4,1,1,2,0,0,0,172,128,16,30
463,2,3,4,1,3,4,2,2,1,2,3,0,0,0,0,0,2,3,1,4,4,4,1,1,2,2,0,0,173,152,16,30
464,2,3,4,1,3,4,2,2,1,2,2,0,0,0,0,0,2,3,1,4,2,4,1,0,0,0,0,0,128,125,16,30
465,2,3,4,1,3,4,2,2,1,2,2,2,0,0,0,0,2,3,1,4,4,4,1,1,0,0,0,0,125,125,16,30
466,2,3,4,1,3,4,2,2,1,2,2,0,0,0,0,0,2,3,1,4,4,4,1,1,2,2,0,0,173,163,16,30
467,2,3,4,1,3,4,2,2,1,2,2,0,0,0,0,0,2,3,1,4,4,4,1,1,2,2,0,0,173,134,16,30
468,2,3,4,1,3,4,2,2,1,2,2,0,0,0,0,0,2,3,1,4,2,4,1,0,0,0,0,0,130,125,16,30
469,2,3,4,1,3,4,2,2,1,2,3,2,0,0,0,0,2,3,1,4,4,4,1,1,2,0,0,0,127,127,16,30
470,2,3,4,1,3,4,2,2,1,2,2,0,0,0,0,0,2,3,1,4,4,4,1,1,2,2,0,0,175,142,16,30
471,2,3,4,1,3,4,2,2,1,2,2,0,0,0,0,0,2,3,1,4,4,4,1,1,0,0,0,0,131,128,16,30
472,2,3,4,1,3,4,2,2,1,2,2,0,0,0,0,0,2,3,1,4,4,4,1,1,0,0,0,0,130,125,16,30
473,2,2,2,1,3,4,2,2,2,2,0,0,0,0,0,0,2,3,1,4,4,4,1,1,0,0,0,0,169,134,16,30
474,2,3,4,1,3,4,2,2,1,2,0,0,0,0,0,0,2,3,1,4,2,4,1,0,0,0,0,0,130,125,16,30
475,2,3,4,1,3,4,2,2,1,2,2,0,0,0,0,0,2,3,1,4,4,4,1,1,2,0,0,0,174,128,16,30
476,2,3,4,1,3,4,2,2,1,2,2,0,0,0,0,0,2,3,1,4,4,4,1,1,2,0,0,0,173,125,16,30
477,2,2,2,1,3,4,2,2,2,2,0,0,0,0,0,0,2,3,1,4,4,4,1,1,0,0,0,0,170,134,16,30
478,2,3,4,1,3,4,2,2,1,2,2,0,0,0,0,0,2,3,1,4,4,4,1,1,0,0,0,0,131,141,16,30
479,2,3,4,1,3,4,2,2,1,2,2,0,0,0,0,0,2,3,1,4,4,4,1,1,2,2,0,0,173,128,16,30
480,2,3,2,2,3,4,2,2,2,1,0,0,0,0,0,0,2,3,1,4,4,4,1,1,2,2,0,0,175,126,16,30
481,2,3,4,1,3,4,2,2,1,2,2,0,0,0,0,0,2,3,1,4,4,4,1,1,0,0,0,0,131,125,16,30
482,2,3,4,1,3,4,2,2,1,2,2,0,0,0,0,0,2,3,1,4,4,4,1,1,2,2,0,0,172,125,16,30
483,2,3,4,1,3,4,2,2,1,2,2,0,0,0,0,0,2,3,1,4,4,4,1,1,2,2,0,0,172,125,16,30
484,2,3,4,1,3,4,2,2,1,2,2,0,0,0,0,0,2,3,1,4,4,4,1,1,2,2,0,0,174,142,16,30
485,2,3,4,1,3,4,2,2,1,2,2,0,0,0,0,0,2,3,1,4,4,4,1,1,2,0,0,0,175,125,16,30
486,2,3,4,1,3,4,2,2,1,2,2,0,0,0,0,0,2,3,1,4,4,4,1,1,0,0,0,0,134,128,16,30
487,2,3,4,1,3,4,2,2,1,2,3,2,0,0,0,0,2,3,1,4,4,4,1,1,0,0,0,0,129,141,16,30
488,2,3,4,1,3,4,2,2,1,2,2,0,0,0,0,0,2,3,1,4,4,4,1,1,2,2,0,0,173,125,16,30
489,2,3,4,1,3,4,2,2,1,2,2,0,0,0,0,0,2,3,1,4,4,4,1,1,2,0,0,0,173,125,16,30
490,2,3,4,1,3,4,2,2,1,2,2,0,0,0,0,0,2,3,1,4,4,4,1,1,2,0,0,0,134,128,16,30
491,2,3,4,1,3,4,2,2,1,2,0,0,0,0,0,0,2,3,1,4,2,4,1,0,0,0,0,0,129,125,16,30
492,2,3,2,1,3,4,2,2,2,2,0,0,0,0,0,0,2,3,1,4,4,4,1,1,2,0,0,0,173,125,16,30
493,2,3,4,1,3,4,2,2,1,2,2,0,0,0,0,0,2,3,1,4,4,4,1,1,0,0,0,0,133,125,16,30
494,2,3,4,1,3,4,2,2,1,2,2,0,0,0,0,0,2,3,1,4,4,4,1,1,2,2,0,0,174,125,16,30
495,2,3,4,1,3,4,2,2,1,2,2,0,0,0,0,0,2,3,1,4,4,4,1,1,2,2,0,0,174,130,16,30
496,2,3,4,1,3,4,2,2,1,2,0,0,0,0,0,0,2,3,1,4,2,4,1,0,0,0,0,0,128,131,16,30
497,2,3,4,1,3,4,2,2,1,2,2,0,0,0,0,0,2,3,1,4,4,4,1,1,2,0,0,0,173,128,16,30
498,2,3,4,1,3,4,2,2,1,2,2,0,0,0,0,0,2,3,1,4,4,4,1,1,2,0,0,0,173,128,16,30
499,2,3,4,1,3,4,2,2,1,2,2,0,0,0,0,0,2,3,1,4,4,4,1,1,0,0,0,0,134,125,16,30
