255,381.8399963,381.8736877,0.001135111,,,8.82344E-05,,
783,148.9700012,148.9568481,0.000173003,,,8.82935E-05,,
231,286.9899902,286.9409485,0.002405093,,,0.000170883,,
39,487.8200073,487.9279785,0.011657778,,,0.000221334,,
937,248.6399994,248.5740509,0.004349203,,,0.000265237,,
674,190.0599976,189.9975128,0.003904343,,,0.000328763,,
898,268.8599854,268.7587585,0.010246866,,,0.000376504,,
486,535.3900146,535.1525879,0.056371465,,,0.000443465,,
694,165.4100037,165.3350983,0.005610818,,,0.000452847,,
116,129.9900055,129.926712,0.004006062,,,0.00048691,,
726,497.8900146,497.6062012,0.080550089,,,0.000570032,,
1101,376.0299988,375.8129883,0.047093556,,,0.00057711,,
742,416.5100098,416.7775269,0.071565393,,,0.000642282,,
102,137.3000031,137.2043304,0.009153248,,,0.000696814,,
1124,621,620.5423584,0.209435835,,,0.000736943,,
164,631.4899902,631.9613647,0.22219393,,,0.000746448,,
462,378.2999878,378.6275024,0.107265845,,,0.000865754,,
514,402.8699951,402.4559326,0.171447754,,,0.001027782,,
446,544.6099854,545.1906738,0.337199107,,,0.001066246,,
286,344.4899902,344.1150208,0.140602113,,,0.001088477,,
460,210.1399994,209.9049377,0.055253977,,,0.001118595,,
98,263.8399963,264.1719971,0.110224486,,,0.001258341,,
401,327.1700134,326.7226868,0.200101141,,,0.001367261,,
800,211.4499969,211.1504669,0.089718238,,,0.001416553,,
975,239.1000061,239.4421844,0.11708602,,,0.00143111,,
607,441.1799927,441.895752,0.512311343,,,0.001622375,,
569,492.0400085,492.8441772,0.6466873,,,0.001634356,,
1080,420.269989,419.5629883,0.499850036,,,0.001682254,,
562,284.25,284.7467041,0.246714965,,,0.00174742,,
833,357.6400146,358.2728577,0.400490285,,,0.001769497,,
1098,125.6999969,125.4769821,0.049735615,,,0.001774183,,
1058,416.8099976,416.0308838,0.607018266,,,0.00186923,,
356,377.1600037,377.9140625,0.568604731,,,0.001999308,,
415,252.3300018,251.8141022,0.266152457,,,0.002044543,,
871,271.8699951,272.4299011,0.313494735,,,0.002059462,,
584,324.8800049,324.1882324,0.478549138,,,0.002129317,,
451,441.1099854,442.0670166,0.915908813,,,0.002169598,,
1072,217.9600067,218.4506836,0.2407638,,,0.002251224,,
888,409.1700134,410.1055298,0.875190855,,,0.002286376,,
1002,458.3099976,457.1864624,1.262331247,,,0.002451474,,
998,178.0899963,177.6374969,0.204755698,,,0.002540847,,
491,409.0899963,410.1901245,1.210281999,,,0.002689208,,
838,210.5899963,211.1608582,0.325883213,,,0.002710774,,
1083,202.5500031,201.9853363,0.318848536,,,0.002787789,,
430,256.8900146,256.1626282,0.529091083,,,0.002831509,,
443,257.0100098,256.2803345,0.532426033,,,0.002839093,,
366,289.6199951,288.7797546,0.706004062,,,0.002901183,,
1076,128.2899933,128.6647186,0.140419082,,,0.002920924,,
423,256.0599976,256.8378296,0.605022669,,,0.003037694,,
176,192.5200043,193.1446533,0.390186433,,,0.003244593,,
44,128.3800049,127.9318924,0.200804802,,,0.003490516,,
1033,211.8800049,211.1383514,0.550049829,,,0.003500347,,
1067,427.7999878,426.2950439,2.264855985,,,0.003517868,,
854,639.6300049,641.9690552,5.471156273,,,0.00365688,,
757,300.4500122,299.2970276,1.329373532,,,0.003837526,,
787,132.5200043,132.0059814,0.264219467,,,0.003878832,,
930,284.6099854,285.7432556,1.284301491,,,0.003981836,,
1005,273.1199951,274.2342224,1.241502465,,,0.004079625,,
903,286.769989,287.9429321,1.375795552,,,0.004090188,,
325,267.3099976,266.1837769,1.268373072,,,0.004213163,,
592,557.789978,555.430542,5.566938404,,,0.004229972,,
1008,439.7799988,441.6948853,3.666790211,,,0.004354192,,
900,249.5899963,248.4769135,1.238953511,,,0.004459645,,
964,195.6799927,196.5582123,0.771269674,,,0.00448804,,
520,487.4299927,485.2131348,4.914458994,,,0.004548054,,
682,171.8800049,171.0838776,0.633818709,,,0.004631879,,
843,93.34899902,93.78708649,0.191920626,,,0.004693007,,
127,370.480011,372.2361755,3.084113929,,,0.004740241,,
641,553.1400146,555.7672119,6.902165473,,,0.004749606,,
913,144.75,145.4535065,0.494921353,,,0.004860148,,
966,289.0400085,287.6262207,1.998796062,,,0.004891322,,
516,266.019989,267.3316345,1.720413938,,,0.004930628,,
722,345.4400024,343.7190247,2.96176453,,,0.004981988,,
125,347.9599915,349.6950989,3.010597765,,,0.004986514,,
492,298.1700134,296.6719971,2.244053007,,,0.005024034,,
1052,162.1699982,163.0140228,0.712377624,,,0.005204567,,
545,362.9500122,364.8774414,3.714983318,,,0.005310454,,
579,197.9199982,196.863327,1.116553904,,,0.00533888,,
531,423.2000122,420.8803101,5.381018057,,,0.005481338,,
42,266.2900085,264.8202209,2.160275582,,,0.0055195,,
740,714.5900269,710.6078491,15.85773951,,,0.005572675,,
428,222.9400024,224.1833649,1.545950124,,,0.005577117,,
5,190.7899933,191.854187,1.132508286,,,0.005577828,,
793,379.4500122,381.5753784,4.517181531,,,0.005601176,,
567,166.5200043,165.5659332,0.910251559,,,0.005729468,,
323,235.6699982,237.0435486,1.886640743,,,0.005828279,,
513,530.0999756,533.2581787,9.974246979,,,0.00595775,,
941,403.9400024,406.3816528,5.96165663,,,0.006044587,,
299,301.5899963,303.4338989,3.399976754,,,0.006113938,,
1099,197.9199982,199.1319885,1.468920624,,,0.006123638,,
368,318.4299927,316.4793396,3.805047424,,,0.006125846,,
658,274.4100037,272.7230835,2.845699647,,,0.006147444,,
1108,327.7399902,325.7098694,4.121390664,,,0.006194303,,
197,197.3899994,198.6170502,1.50565362,,,0.006216378,,
365,355.6499939,353.4359436,4.9020187,,,0.006225363,,
184,257.4200134,259.0491028,2.653932128,,,0.006328526,,
195,420.25,422.9862366,7.486990579,,,0.006510973,,
810,250.5099945,252.1725311,2.764028016,,,0.006636608,,
137,194.5800018,195.8756561,1.678720057,,,0.006658723,,
532,364.5,362.0674438,5.917329434,,,0.006673679,,
378,178.7899933,179.985199,1.428516638,,,0.00668497,,
671,424.8599854,421.990448,8.234244623,,,0.006754078,,
921,494.0700073,497.4119873,11.16883019,,,0.006764183,,
828,144.8600006,145.8705292,1.02116798,,,0.006975898,,
659,235.3999939,233.7482758,2.728172813,,,0.007016645,,
1085,245.4799957,243.7527618,2.983336899,,,0.007036149,,
1048,260.6400146,262.4945374,3.439254464,,,0.007115265,,
1060,220.6600037,222.2565002,2.548801336,,,0.007235097,,
778,163.6000061,162.3814697,1.484830902,,,0.007448266,,
36,243.8200073,245.7017365,3.540904504,,,0.007717698,,
936,524.0499878,528.112915,16.50737781,,,0.007752938,,
193,431.9100037,435.2844238,11.38671146,,,0.007812785,,
681,108.1399994,107.2899933,0.722510376,,,0.007860238,,
436,482.3399963,486.242218,15.22733404,,,0.008090189,,
68,328,325.34552,7.046263967,,,0.008092927,,
275,495.4599915,499.4754944,16.12426378,,,0.008104596,,
822,225.1300049,226.9560394,3.334402163,,,0.008111023,,
140,491.480011,487.4906616,15.91490836,,,0.008117012,,
947,252.2200012,254.2911835,4.289795917,,,0.008211808,,
235,262.3800049,264.5379028,4.656523559,,,0.008224323,,
882,696.9799805,702.7366943,33.13975455,,,0.008259511,,
715,378.6600037,375.5214844,9.850303316,,,0.008288489,,
832,322.2600098,319.5700684,7.235784769,,,0.008347115,,
216,355.9299927,352.9423218,8.926177397,,,0.008393985,,
1102,343.8999939,341.0006409,8.406247977,,,0.008430803,,
976,219.6499939,221.5538025,3.624487162,,,0.008667465,,
996,370.2900085,367.0661316,10.39338261,,,0.008706357,,
369,611.3800049,606.0238037,28.68889099,,,0.008760838,,
312,360.3399963,357.157135,10.13060623,,,0.008832939,,
773,126.7699966,127.8920212,1.25893906,,,0.008850868,,
375,172.3600006,170.8208618,2.368948227,,,0.008929791,,
801,168.7700043,167.2312317,2.367821062,,,0.009117572,,
175,130.1000061,128.9137421,1.407222368,,,0.009118094,,
421,169.6799927,171.2527771,2.473650844,,,0.009269121,,
1100,308.7099915,311.5789185,8.230742143,,,0.009293276,,
359,502.9599915,507.6809998,22.28791938,,,0.009386449,,
990,357.75,354.3763733,11.38135717,,,0.009430124,,
27,90.27100372,91.1229248,0.725769529,,,0.009437372,,
642,164.2599945,162.7069702,2.411884452,,,0.009454672,,
837,174.7200012,173.0648041,2.739677584,,,0.009473427,,
136,212.1600037,210.148056,4.047933273,,,0.009483162,,
453,242.8899994,240.5235748,5.599965201,,,0.009742783,,
557,557.4400024,562.8978271,29.78785053,,,0.009790874,,
103,286.6600037,289.4837952,7.973798458,,,0.009850664,,
938,348.0899963,351.5351563,11.86912682,,,0.009897325,,
511,261.1499939,263.7397461,6.706816443,,,0.009916723,,
1107,181.4700012,179.6670532,3.250621484,,,0.00993524,,
829,341.5,344.8962402,11.53444773,,,0.009945067,,
853,285.1400146,288.0150146,8.265625,,,0.010082766,,
262,357.1400146,360.806488,13.44302711,,,0.010266207,,
149,454.2200012,458.8874512,21.78508905,,,0.010275747,,
874,316.019989,319.2772217,10.60956464,,,0.010307046,,
711,215.9600067,218.199295,5.014412225,,,0.010368995,,
540,379.3699951,375.4298096,15.52506214,,,0.010386129,,
1022,441.4200134,446.0700684,21.62301087,,,0.010534309,,
600,403.2000122,407.4803772,18.32152445,,,0.010615984,,
224,447.6400146,442.8780212,22.67658122,,,0.010637998,,
6,410.2600098,405.8865662,19.12700895,,,0.010660175,,
768,250.4700012,247.7307281,7.503616959,,,0.010936532,,
576,146.3999939,144.7870636,2.601544146,,,0.011017284,,
138,369.8699951,365.7891846,16.65301472,,,0.011033094,,
361,309.1499939,305.7260742,11.72322596,,,0.01107527,,
506,449.6099854,454.5967712,24.8680335,,,0.011091359,,
959,320.7799988,324.467041,13.59428045,,,0.01149399,,
1132,355.3399963,351.2397461,16.81205206,,,0.011538949,,
866,448.730011,453.9465027,27.21178565,,,0.011625012,,
28,207.9900055,205.5613708,5.898266232,,,0.011676689,,
154,497.0599976,502.8855591,33.93716706,,,0.011720037,,
328,227.1999969,229.89711,7.274418735,,,0.011871096,,
1030,347.7900085,351.9371643,17.19890091,,,0.01192431,,
891,208.0800018,205.5919037,6.190632377,,,0.011957411,,
604,319.3500061,315.5153198,14.70481886,,,0.012007785,,
751,290.1499939,293.6448364,12.2139243,,,0.012044951,,
113,154.8500061,152.9833221,3.484509006,,,0.012054788,,
211,329.5599976,325.4658508,16.76203743,,,0.012423069,,
380,412.4100037,417.5434875,26.35265682,,,0.012447525,,
355,163.6199951,161.5820618,4.153172337,,,0.012455283,,
129,333.6700134,337.8264771,17.27618985,,,0.012456809,,
683,306.8299866,310.6643372,14.70224442,,,0.012496662,,
79,320.3699951,324.4078064,16.30391993,,,0.012603588,,
147,178.5700073,176.3066101,5.122966961,,,0.012675125,,
767,213.9900055,211.2733154,7.380404901,,,0.012695406,,
390,216.2799988,213.5333252,7.544215777,,,0.012699619,,
522,374.1300049,378.9202271,22.94622842,,,0.01280363,,
962,368.2099915,363.4890137,22.28763123,,,0.012821428,,
745,449.0799866,454.9271545,34.18937325,,,0.013020326,,
808,211.2200012,213.9709625,7.567788095,,,0.013024152,,
229,327.7399902,332.0174561,18.29671384,,,0.0130514,,
249,209.8800049,207.1230774,7.600649186,,,0.013135732,,
287,274.6199951,278.2367249,13.08073399,,,0.013169943,,
1010,131.1499939,132.8902588,3.028521896,,,0.013269272,,
412,421.8200073,416.205658,31.52091879,,,0.013309822,,
230,352.2999878,357.0097961,22.18229469,,,0.013368744,,
651,425.7999878,420.0970764,32.52319817,,,0.013393404,,
986,421.1900024,415.5041504,32.32891354,,,0.013499494,,
881,447.2799988,441.2357178,36.53333288,,,0.013513417,,
650,355.2000122,350.2921448,24.08716273,,,0.013817194,,
301,247.3899994,250.8733368,12.13363946,,,0.014080348,,
581,433.7200012,439.8963318,38.14705927,,,0.014240364,,
225,263.0100098,259.2601624,14.06135561,,,0.014257432,,
577,366.6600037,371.8894958,27.34758854,,,0.014262511,,
633,126.5299988,128.3365326,3.263564419,,,0.014277514,,
730,356.0400085,350.9515991,25.89191046,,,0.014291679,,
590,301.0400085,296.7355042,18.52875808,,,0.014298778,,
270,276.4700012,272.4926147,15.81960317,,,0.014386322,,
1063,275.0400085,279.0491943,16.07357071,,,0.014576737,,
169,321.3299866,316.6362305,22.03134636,,,0.014607277,,
321,424.1900024,430.3955688,38.50905442,,,0.014629214,,
750,308.6799927,313.2063904,20.48827618,,,0.014663722,,
215,416.9200134,410.7880859,37.60053475,,,0.014707683,,
1011,416.5599976,422.725708,38.01598534,,,0.014801494,,
982,272.8500061,276.8894043,16.31673776,,,0.014804464,,
466,332.2900085,327.3407288,24.49537039,,,0.014894459,,
477,506.0299988,513.7367554,59.39409717,,,0.015229841,,
324,369.4500122,375.0849915,31.75299113,,,0.015252346,,
200,363.6099854,369.1596375,30.79863843,,,0.01526265,,
724,362.480011,368.0571289,31.10424429,,,0.015386001,,
847,440.7799988,433.9730835,46.33409567,,,0.015442886,,
186,554.4799805,563.083252,74.01628023,,,0.015515928,,
24,87.48300171,88.8441391,1.852694995,,,0.015558878,,
542,291.1600037,295.697113,20.58536148,,,0.015582873,,
544,504.519989,512.4161377,62.349164,,,0.015650814,,
972,440.4200134,447.3765564,48.39349008,,,0.015795247,,
167,386.2399902,392.3584595,37.43566582,,,0.015841108,,
774,384.4500122,390.661377,38.58105201,,,0.016156495,,
85,412.9400024,406.2591248,44.63412665,,,0.01617881,,
656,146.9199982,144.5183868,5.767736971,,,0.016346388,,
908,374.8900146,368.7579041,37.60278036,,,0.016357092,,
319,510.9200134,519.300354,70.23010817,,,0.016402451,,
1125,465.8500061,473.5082092,58.6480751,,,0.016439204,,
728,303.3500061,298.3465881,25.03419137,,,0.016493878,,
791,340.1900024,345.8234558,31.73579686,,,0.016559726,,
260,202.7799988,199.4056549,11.38619657,,,0.016640418,,
862,486.6199951,478.4494019,66.75859425,,,0.0167905,,
950,190.6499939,187.4436646,10.28054787,,,0.016817883,,
636,154.5599976,157.1622009,6.771462374,,,0.016836202,,
449,367.6700134,361.472229,38.41253176,,,0.016856921,,
586,259.9700012,255.5824127,19.25093285,,,0.016877288,,
543,240.2100067,244.2718506,16.49857564,,,0.016909553,,
951,632.0100098,642.725647,114.8248808,,,0.016954854,,
493,321.0599976,326.6095581,30.79762226,,,0.01728512,,
703,472.5799866,464.2610779,69.20424182,,,0.017603176,,
187,205.9700012,202.3342285,13.21884316,,,0.017651953,,
480,424.8599854,417.3566895,56.29944934,,,0.017660632,,
792,150.5399933,153.2111969,7.135328744,,,0.017744146,,
963,262.4100037,267.0742798,21.75547175,,,0.017774765,,
649,146.0299988,148.6262054,6.740289048,,,0.017778584,,
599,260.5299988,255.8831177,21.59350399,,,0.017836261,,
18,243.6900024,248.0766449,19.24263204,,,0.018000913,,
617,422.3500061,414.7156372,58.28358845,,,0.018075929,,
706,459.3699951,451.0490723,69.2377571,,,0.018113771,,
396,252.7899933,257.3764038,21.03516148,,,0.018143165,,
69,348.25,354.6202393,40.5799482,,,0.018292144,,
488,150.4900055,147.7351532,7.589211167,,,0.018305882,,
517,246.5599976,242.02034,20.60849106,,,0.018411979,,
333,455.1799927,446.7615356,70.87041879,,,0.018494787,,
33,251.6100006,256.2742615,21.75532941,,,0.018537661,,
771,262.1400146,267.0137939,23.75372463,,,0.018592275,,
565,282.1600037,287.4229431,27.69853169,,,0.018652323,,
556,118.5199966,120.7330551,4.897627799,,,0.018672448,,
1114,317.6600037,323.6409302,35.77148196,,,0.018828075,,
1012,432.6000061,424.4284058,66.77505215,,,0.018889506,,
615,157.1999969,160.1988983,8.99340941,,,0.019076981,,
712,467.0299988,475.9701538,79.92637195,,,0.019142571,,
999,544.960022,534.4903564,109.6138963,,,0.019211805,,
179,405.3500061,397.5437622,60.93744377,,,0.019258033,,
902,404.4200134,396.625061,60.7612828,,,0.019274398,,
387,175.7799988,179.179657,11.5576759,,,0.019340415,,
308,594.7700195,583.2277832,133.2232195,,,0.019406217,,
925,387.2600098,379.6844482,57.3891324,,,0.019561951,,
663,219.0700073,214.7760773,18.43783531,,,0.019600721,,
665,195.9400024,199.7988129,14.89041789,,,0.019693837,,
414,333.4200134,326.8366699,43.34041172,,,0.019744896,,
388,123.6800003,126.1384048,6.043752887,,,0.019877139,,
746,263.3599854,268.6424255,27.90417431,,,0.020057869,,
463,162.8600006,159.5743408,10.79556026,,,0.02017475,,
880,190.6000061,194.5082245,15.27417094,,,0.020504818,,
192,272.5100098,266.892334,31.55828118,,,0.020614567,,
723,189.9799957,193.9120331,15.46091775,,,0.020697113,,
817,485.2399902,475.1144409,102.526749,,,0.020867096,,
606,298.3099976,304.5400085,38.81303689,,,0.020884352,,
397,247.1499939,252.3128662,26.65525054,,,0.020889632,,
1047,276.1700134,281.944458,33.34421021,,,0.020909021,,
19,279.3699951,273.5240173,34.17545624,,,0.020925575,,
418,193.0500031,197.1369019,16.70274183,,,0.021170157,,
442,396.3900146,404.788147,70.52862654,,,0.021186539,,
1000,223.9600067,228.7522736,22.96582152,,,0.021397869,,
1009,249.8999939,255.2509918,28.63317879,,,0.021412557,,
559,496.0899963,485.4481201,113.2495295,,,0.021451503,,
334,363.7999878,355.8197632,63.68398482,,,0.021935747,,
781,463.3699951,473.5621338,103.8796907,,,0.021995681,,
798,238.4299927,243.6977997,27.74979066,,,0.022093726,,
799,161.9299927,158.3496552,12.81881679,,,0.022110404,,
507,480.2999878,469.5959473,114.5764836,,,0.022286156,,
12,305.9200134,312.7479858,46.62120726,,,0.02231947,,
337,208.8399963,213.5151978,21.85750828,,,0.022386523,,
243,275.0599976,281.2336731,38.11426964,,,0.022444832,,
222,165.6999969,161.9496613,14.06501781,,,0.022633288,,
797,207.3500061,212.0565491,22.15154672,,,0.022698543,,
505,461.5,472.0031433,110.3160194,,,0.022758707,,
1059,332.25,339.817688,57.26990149,,,0.02277709,,
371,439.4700012,429.4580383,100.2394009,,,0.022781903,,
82,207.1000061,211.8248444,22.32409655,,,0.022814284,,
699,246.9700012,241.3253479,31.86211111,,,0.022855623,,
156,396.25,405.3076782,82.04153479,,,0.022858494,,
601,453.8200073,464.2643127,109.0835157,,,0.023014202,,
957,554.8499756,567.6987915,165.0920705,,,0.023157279,,
330,119.7200012,116.9456787,7.696865388,,,0.023173425,,
549,141.7700043,138.4696655,10.89223583,,,0.023279528,,
721,215.75,210.7160492,25.34066071,,,0.023332333,,
856,263.5899963,269.7815552,38.33540084,,,0.023489354,,
530,308.3399963,301.0934753,52.51206655,,,0.023501722,,
596,290.8500061,297.6887207,46.76801737,,,0.023512857,,
811,372.0599976,380.8185425,76.71210915,,,0.023540679,,
850,192.5700073,197.1056824,20.57234815,,,0.023553383,,
885,233.8899994,228.3709564,30.45983529,,,0.023596746,,
769,308.480011,301.1884766,53.16647425,,,0.023636975,,
153,410.4100037,400.6192017,95.85980384,,,0.023856149,,
672,153.1600037,156.823822,13.42356497,,,0.023921509,,
404,176.5700073,180.802002,17.90977854,,,0.0239678,,
605,197.3500061,192.6029968,22.53409708,,,0.024053758,,
928,186.6399994,182.1476593,20.18111947,,,0.024069546,,
217,244.3800049,238.4871063,34.72625343,,,0.024113669,,
212,236.9600067,242.6993256,32.93978084,,,0.024220622,,
408,224.3999939,229.8644257,29.86001449,,,0.024351301,,
51,493.3800049,481.3643799,144.3752441,,,0.024353693,,
609,474.3299866,462.7344055,134.4575,,,0.024446232,,
470,642.3400269,658.0777588,247.6762064,,,0.024500625,,
73,494.8999939,482.6937256,148.9929861,,,0.024664111,,
445,145.6499939,149.2433014,12.91185875,,,0.024670839,,
1029,267.3399963,273.9374695,43.52665189,,,0.024678212,,
858,208.6600037,213.8227234,26.65367498,,,0.024742258,,
349,186.8899994,191.5148163,21.38893131,,,0.024746198,,
1109,464.2399902,452.7366638,132.3265186,,,0.024778836,,
133,741.9500122,723.4821777,341.0609101,,,0.024890942,,
944,458.0400085,469.4758911,130.7794101,,,0.024966995,,
317,579.7000122,565.1884155,210.5864382,,,0.025032942,,
762,303.8299866,296.2080078,58.09456021,,,0.025086328,,
1041,419.4400024,408.9145813,110.7844902,,,0.025093985,,
597,137.4400024,140.8910522,11.90974475,,,0.0251095,,
1095,443.25,432.0936584,124.4639568,,,0.025169411,,
612,230.9700012,225.1518097,33.85135266,,,0.025190248,,
738,335.0100098,326.5598755,71.40476931,,,0.025223528,,
344,306.5899963,298.8450928,59.98353122,,,0.025261436,,
439,492.769989,505.3130188,157.3275962,,,0.025454127,,
91,447.4700012,458.8762817,130.1032352,,,0.025490604,,
718,348.4899902,357.4272461,79.8745423,,,0.02564566,,
873,315.4200134,323.6313477,67.42600981,,,0.026033016,,
949,512.7999878,499.4415894,178.4468088,,,0.02604992,,
968,231.4400024,237.4729462,36.39641,,,0.026066988,,
704,245.3999939,251.8351746,41.41155018,,,0.026223231,,
93,264.1499939,271.1192322,48.57028222,,,0.02638364,,
1116,341.9599915,350.9959717,81.64893862,,,0.026424086,,
940,313.0499878,304.7689819,68.57505804,,,0.026452663,,
37,221.1900024,215.3344421,34.28758646,,,0.026472988,,
841,173.5899963,168.986496,21.19221562,,,0.026519387,,
204,450.6000061,438.6150818,143.6384109,,,0.026597701,,
284,248.4799957,241.8708496,43.68081241,,,0.026598303,,
610,122.6900024,119.4210434,10.68609324,,,0.026644054,,
1007,255.3000031,262.1270752,46.60891405,,,0.026741371,,
818,406.8699951,395.9359741,119.5528151,,,0.0268735,,
372,197.1699982,202.4743347,28.13598621,,,0.026902351,,
265,288.7600098,280.9585266,60.86313941,,,0.027017187,,
890,190.1399994,184.9714508,26.71389447,,,0.027182858,,
917,400.4200134,411.3129578,118.6562363,,,0.027203796,,
780,184.8399963,189.869339,25.2942875,,,0.027209169,,
991,253.1399994,260.0803528,48.16850523,,,0.027417055,,
245,416.2799988,427.7025757,130.4752631,,,0.027439649,,
272,379.7799988,390.305481,110.7857751,,,0.027714683,,
796,299.4700012,291.1657104,68.96124522,,,0.027729959,,
223,348.519989,358.1976013,93.65617992,,,0.02776774,,
310,394.2900085,383.3303223,120.1147233,,,0.027796003,,
564,334.9500122,325.6386414,86.7016271,,,0.027799285,,
1070,406.5799866,417.9029541,128.2095937,,,0.027849299,,
561,248.9100037,255.8480072,48.13589312,,,0.027873542,,
16,319.3699951,310.4529419,79.51383818,,,0.027920761,,
894,185.2599945,190.4719391,27.16436631,,,0.028133136,,
209,321.480011,330.5495911,82.25728279,,,0.028211956,,
474,214.9499969,221.0198975,36.84369223,,,0.028238663,,
521,473.9299927,460.5324707,179.493595,,,0.028268989,,
403,165.4700012,160.7913361,21.88990769,,,0.028275005,,
58,489.9400024,476.0410767,193.1801379,,,0.028368628,,
353,388.0700073,377.012146,122.2762972,,,0.028494501,,
165,398.7000122,387.2668762,130.7165985,,,0.028676036,,
1021,261.3699951,268.8667603,56.20148752,,,0.028682577,,
115,347.0799866,357.0747375,99.89504708,,,0.028796679,,
1004,337.230011,346.9506226,94.49028934,,,0.028824871,,
863,440.6000061,427.8589172,162.3353455,,,0.028917587,,
578,179.4700012,174.2722626,27.01648705,,,0.028961601,,
501,449.2200012,462.2662354,170.204225,,,0.029041971,,
346,252.7400055,260.1044312,54.23476529,,,0.029138346,,
22,131.3000031,127.4738388,14.63953283,,,0.029140626,,
53,533.4099731,549.0570679,244.8315734,,,0.029334087,,
500,383.1000061,394.3408813,126.3572763,,,0.029341882,,
575,251.4600067,258.8675842,54.87220464,,,0.029458273,,
108,455.7000122,469.1286621,180.3286382,,,0.02946818,,
536,328.980011,319.2346802,94.97147261,,,0.029622866,,
961,164.4299927,159.5578003,23.73825862,,,0.029630801,,
622,102.3000031,105.3414688,9.250513965,,,0.029730847,,
716,149.5099945,154.0150757,20.29575641,,,0.030132308,,
261,278.3399963,269.9514465,70.36776783,,,0.030137781,,
851,647.9899902,667.5294189,381.7892743,,,0.030153905,,
669,241.9900055,234.6656647,53.64596845,,,0.030267121,,
637,490.4700012,475.5965271,221.2202324,,,0.030324942,,
4,480.3500061,465.6691589,215.5272736,,,0.030562812,,
815,391.9200134,379.9281921,143.8037778,,,0.030597624,,
979,455.7200012,469.7185974,195.9606953,,,0.030717537,,
248,186.0500031,180.3218231,32.81204533,,,0.030788389,,
14,361.230011,350.0876465,124.1522867,,,0.030845622,,
151,139.0200043,134.7277832,18.42316171,,,0.030874845,,
338,347.0700073,357.7945557,115.0159371,,,0.030900245,,
538,244.3300018,251.9419098,57.94114278,,,0.031154209,,
512,105.5699997,108.8889236,11.01525619,,,0.031438135,,
952,121.1999969,117.3813782,14.58184934,,,0.031506756,,
210,259.730011,251.3861847,69.61943722,,,0.032124999,,
83,231.0399933,223.6031342,55.30687373,,,0.032188623,,
515,303.3200073,293.5513306,95.4270456,,,0.032205844,,
57,378.7200012,366.4993591,149.3440931,,,0.032268277,,
362,227.9400024,220.5755005,54.23588902,,,0.032308949,,
472,241.6100006,233.7837372,61.25039924,,,0.032392134,,
524,173.4600067,167.7758484,32.30965587,,,0.032769273,,
205,329.4299927,318.5732422,117.8690312,,,0.032956169,,
739,167.5800018,162.0258942,30.84811197,,,0.033143022,,
360,441.1199951,426.4425354,215.4278237,,,0.033273168,,
100,398.1600037,384.8892822,176.1120474,,,0.033330122,,
142,290.6099854,300.303009,93.95470809,,,0.033354063,,
821,123.2699966,127.3911285,16.98372811,,,0.033431752,,
54,259.6300049,268.3137817,75.40798048,,,0.033446738,,
112,167.0099945,161.3920898,31.5608528,,,0.033638135,,
896,319.5799866,330.3451538,115.8888256,,,0.033685361,,
1040,432.1600037,417.5657959,212.9909002,,,0.033770381,,
350,115.7099991,119.632225,15.38385642,,,0.033897036,,
158,429.1000061,414.4369202,215.0060892,,,0.034171722,,
1061,158.3999939,163.813797,29.30926401,,,0.034178051,,
237,126.7300034,131.0691223,18.82795333,,,0.034239082,,
194,309.0899963,298.5021057,112.1034279,,,0.034255041,,
1054,241.9199982,233.6128387,69.00889769,,,0.034338457,,
840,267.2099915,258.0057068,84.71885625,,,0.034445885,,
598,122.3099976,118.0548782,18.10604046,,,0.034789628,,
185,457.0599976,473.019104,254.6930785,,,0.034916874,,
420,411.8200073,397.4336548,206.9671394,,,0.034933593,,
1016,310.7799988,321.6672058,118.5312769,,,0.035031878,,
603,252.6600037,243.7773132,78.90218927,,,0.035156694,,
731,260.2799988,251.1139526,84.01640189,,,0.035216099,,
702,173.3699951,167.2239838,37.77345555,,,0.03545026,,
889,400.0599976,414.2796021,202.1971519,,,0.03554368,,
256,309.5100098,320.5195313,121.2095633,,,0.035570809,,
419,414.0599976,399.3224487,217.1953455,,,0.035592786,,
1081,467.5799866,450.8893738,278.5765554,,,0.035695738,,
65,244.4299927,235.6629944,76.86025903,,,0.035867114,,
67,593.6500244,572.2924805,456.1446834,,,0.035976658,,
848,312.3999939,301.1472168,126.6249925,,,0.036020414,,
306,337.230011,325.0766296,147.7046782,,,0.036038849,,
196,530.5499878,511.2270203,373.3770741,,,0.036420635,,
1003,438.0100098,453.9647522,254.5538061,,,0.03642552,,
763,348.5700073,335.8687439,161.3220927,,,0.036438199,,
456,265.8099976,256.1159668,93.97423241,,,0.036469775,,
956,316.2799988,327.8607178,134.1130524,,,0.036615401,,
81,239.4400024,230.6309357,77.5996574,,,0.036790289,,
327,232.75,241.3182068,73.41416755,,,0.036812919,,
322,221.1499939,213.0037079,66.36197577,,,0.036836022,,
489,388.2799988,402.7944336,210.668818,,,0.037381361,,
713,360.1400146,346.6728516,181.3644816,,,0.037394243,,
118,169.9700012,176.3632813,40.87402953,,,0.037614167,,
282,259.3200073,269.0904541,95.46163023,,,0.037677181,,
294,392.7399902,407.5722046,219.9945827,,,0.03776599,,
447,349.3399963,362.533783,174.0760054,,,0.037767753,,
933,202.5099945,210.188797,58.96400768,,,0.037918141,,
161,478.3599854,496.5412292,330.5576296,,,0.038007451,,
899,415.1600037,431.0093994,251.2033457,,,0.038176596,,
8,294.3399963,305.5892029,126.5446478,,,0.03821841,,
497,291.6199951,280.4452209,124.8755777,,,0.038319643,,
680,247.9499969,257.4514465,90.27754422,,,0.038320023,,
450,233.1499939,224.1690369,80.6575892,,,0.038520083,,
59,248.5299988,238.949295,91.78988406,,,0.038549486,,
747,206.8899994,198.8587799,64.50048637,,,0.03881879,,
789,240.75,231.4035339,87.35642789,,,0.038822289,,
741,329.8599854,342.6748352,164.2203768,,,0.038849362,,
689,197.4499969,189.7715302,58.95885235,,,0.038888159,,
335,533.7600098,512.9822388,431.7157676,,,0.038927178,,
868,568.4099731,546.2808838,489.6965957,,,0.038931564,,
1121,349.3800049,363.0139771,185.8851971,,,0.039023333,,
476,397.9899902,413.5414429,241.8476791,,,0.039074984,,
114,195.2200012,202.850174,58.21953588,,,0.039084995,,
981,386.9400024,402.0708923,228.9438289,,,0.039103969,,
220,553.2999878,574.9609985,469.1993864,,,0.039148764,,
707,273.1499939,262.4129944,115.2831585,,,0.039308072,,
72,420.3099976,436.8561707,273.7758441,,,0.039366594,,
457,254.6399994,264.6677246,100.5552731,,,0.039380008,,
213,191.1999969,183.6544342,56.93551713,,,0.039464241,,
994,367.0799866,352.5788269,210.2836317,,,0.039504087,,
1078,368.1199951,353.499176,213.7683509,,,0.039717536,,
1126,184.2400055,176.8938904,53.96540724,,,0.03987253,,
316,259.1099854,248.7339325,107.6624729,,,0.040044975,,
55,535.9799805,514.3916016,466.0581038,,,0.040278331,,
927,154.6000061,148.3224792,39.40734342,,,0.040604959,,
770,136.1699982,141.7254181,30.86269051,,,0.040797679,,
48,309.7200012,297.0809021,159.7468266,,,0.040808146,,
904,214.3500061,223.1444244,77.34179385,,,0.041028309,,
172,311.3599854,324.3234253,168.0507751,,,0.041634894,,
257,127.6200027,122.3038635,28.26133622,,,0.041656003,,
341,343.2799988,328.9429016,205.5523552,,,0.041765023,,
700,353.519989,368.3018494,218.5033955,,,0.041813365,,
568,350.7799988,365.4558716,215.3812425,,,0.041837827,,
84,302.480011,315.1851807,161.4213365,,,0.042003336,,
1097,185.3300018,177.5196228,61.00202057,,,0.04214309,,
632,355.8099976,340.7852783,225.7421882,,,0.042226805,,
583,416.0700073,398.4792175,309.4358856,,,0.042278437,,
1065,350.7900085,365.6387939,220.4864279,,,0.042329556,,
1,212.5,203.4811401,81.33983323,454.3079943,0.970981758,0.042441693,0.063006957,768.7600098
461,336.980011,351.3276978,205.8561156,,,0.042577264,,
911,298.5299988,311.2652283,162.1860702,,,0.042659798,,
437,160.4900055,167.3412323,46.93930876,,,0.04268943,,
932,162.1300049,169.0648804,48.09249804,,,0.042773548,,
155,207.1000061,198.2264252,78.74043857,,,0.042846841,,
629,367.4200134,383.2296448,249.9444433,,,0.04302877,,
697,354.2999878,369.555542,232.7319339,,,0.043058297,,
273,226.0500031,216.3052673,94.95987421,,,0.043108762,,
490,376.269989,392.5119324,263.8007241,,,0.043165663,,
719,173.8200073,166.3066254,56.45090845,,,0.04322507,,
304,207.4700012,216.4418488,80.49404818,,,0.043244071,,
276,219.9100037,210.3632507,91.1404915,,,0.04341209,,
857,372.1000061,355.9084167,262.1675659,,,0.04351408,,
744,184.8099976,192.8749847,65.04401826,,,0.043639345,,
945,230.1000061,240.1460724,100.9234478,,,0.043659565,,
813,279.0400085,266.8547668,148.4801153,,,0.043668439,,
539,463.1000061,442.8482666,410.1329529,,,0.043730812,,
916,221.6799927,231.4171906,94.81302248,,,0.043924568,,
377,151.9900055,158.6696472,44.61761356,,,0.043947901,,
35,510,487.5041504,506.0632496,,,0.044109509,,
587,96.76399994,101.0328064,18.22270857,,,0.044115647,,
710,291.1900024,278.3361816,165.2207092,,,0.044142384,,
876,333.3999939,348.1182861,216.6281264,,,0.044146048,,
1019,278.25,265.9500122,151.2896997,,,0.044204808,,
1131,413.3299866,395.0205078,335.2370125,,,0.044297485,,
748,172.1999969,179.8687744,58.81014782,,,0.044534132,,
15,481.9100037,460.4465942,460.6779441,,,0.044538211,,
1113,278.8999939,266.4762268,154.3499887,,,0.044545598,,
1013,424.1000061,443.0089111,357.5466894,,,0.044585958,,
593,177.1199951,169.1936951,62.82623246,,,0.044751018,,
566,270.2999878,282.4231262,146.9704853,,,0.044850681,,
247,219.3200073,209.4813538,96.79910396,,,0.044859809,,
107,501.0899963,478.5945129,506.0467733,,,0.0448931,,
417,289.8299866,276.8143005,169.408083,,,0.044908003,,
11,304.1099854,290.4490662,186.6207131,,,0.044920982,,
244,405.1900024,423.39328,331.3593149,,,0.044925288,,
865,206.7299957,216.0206757,86.31673359,,,0.044941132,,
1129,158.1900024,151.0665436,50.74366616,,,0.045031031,,
1026,287.1199951,274.1341553,168.6320364,,,0.045227919,,
232,280.0599976,292.778717,161.7658253,,,0.045414267,,
1051,225.5700073,235.8322754,105.3141459,,,0.045494825,,
686,301.7799988,315.5700378,190.1651773,,,0.045695669,,
657,373.75,356.6225586,293.3492491,,,0.04582593,,
413,346.3900146,362.2680969,252.1134967,,,0.045838741,,
259,544.8499756,569.8706055,626.0319197,,,0.045922054,,
1088,497.4700012,520.3156128,521.9219681,,,0.045923596,,
411,350.8399963,366.9753723,260.3503579,,,0.045990697,,
347,179.6900024,187.954895,68.30844933,,,0.045995283,,
180,326.4200134,311.4025269,225.5249029,,,0.046006635,,
910,480.9200134,458.780365,490.1640329,,,0.046036031,,
1032,379.8900146,362.3838501,306.4657973,,,0.046082192,,
861,520.5100098,544.5834351,579.5298053,,,0.046249688,,
508,404.5899963,423.3478699,351.8578196,,,0.046362673,,
1123,164.1999969,171.8307037,58.22768607,,,0.046472028,,
1112,368.2000122,351.0012817,295.7963297,,,0.046710293,,
816,220.8099976,231.1304321,106.5113697,,,0.046738982,,
1042,332.2600098,347.862854,243.4487483,,,0.046959742,,
26,328.0599976,343.5143127,238.8358579,,,0.047108198,,
487,604.7000122,633.2614746,815.7571346,,,0.047232449,,
971,182.1100006,190.7223663,74.17284334,,,0.047292107,,
1043,153.3699951,160.6300354,52.70818491,,,0.047336771,,
471,279.1900024,292.4444885,175.6814014,,,0.047474788,,
765,405.769989,425.1213989,374.4770656,,,0.047690589,,
311,296.769989,282.6038818,200.6785926,,,0.047734298,,
835,191.3099976,200.4437408,83.42526642,,,0.047743157,,
289,243.0099945,231.3999786,134.7924685,,,0.047775878,,
429,509.4599915,484.911499,602.6284807,,,0.048185319,,
1017,325.2799988,309.5897217,246.1847955,,,0.048236219,,
468,195.8800049,205.3476563,89.63642241,,,0.048333935,,
1130,163.4900055,171.4244232,62.95498463,,,0.048531515,,
942,281.730011,268.0334473,187.5958578,,,0.04861592,,
892,177.9199982,169.2610168,74.97795756,,,0.048667836,,
860,404.5499878,384.8587036,387.7466726,,,0.048674539,,
309,420.4100037,440.8949585,419.6333746,,,0.048726136,,
572,300.5799866,315.3186951,217.2295281,,,0.049034231,,
233,188.7899933,179.5271759,85.79978587,,,0.049064133,,
595,220.8800049,209.9944,118.4963931,,,0.049282889,,
978,290.980011,276.5557251,208.0600234,,,0.049571398,,
425,245.5399933,257.7424927,148.9009914,,,0.049696586,,
320,167.3800049,175.7050629,69.30659043,,,0.04973747,,
553,252.2200012,239.6200867,158.7578467,,,0.049956048,,
141,411.019989,390.4562988,422.865354,,,0.050030876,,
526,314.4700012,298.6721802,249.5711498,,,0.050236337,,
20,225.7799988,237.1250916,128.71113,,,0.05024844,,
1036,403.5799866,423.8617554,411.3501456,,,0.050254645,,
467,152.0500031,144.3970642,58.56747293,,,0.050331724,,
399,330.9700012,347.6836243,279.3451954,,,0.050498906,,
38,227.6799927,239.2068329,132.8680452,,,0.050627374,,
589,316.0599976,300.042511,256.5598761,,,0.050678627,,
424,141.1499939,148.30896,51.25079511,,,0.050718855,,
494,270.8399963,257.0831299,189.2513747,,,0.050793334,,
614,228.9299927,240.5688782,135.4636556,,,0.05084037,,
374,227.7299957,216.1246338,134.6844257,,,0.05096106,,
624,184.5299988,193.9425812,88.59670739,,,0.051008413,,
729,196.9900055,186.9066315,101.6744317,,,0.051187237,,
452,222.6799927,211.2263031,131.1870049,,,0.051435647,,
1091,209.0399933,219.8363342,116.5609777,,,0.051647251,,
825,370.2799988,351.1501465,365.9512488,,,0.051663207,,
383,243.3399963,255.9196014,158.2464645,,,0.051695592,,
673,207.1300049,217.8378143,114.6571832,,,0.051696081,,
1049,243.2599945,255.8428802,158.3290136,,,0.051726079,,
907,447.9299927,424.7444153,537.570999,,,0.05176161,,
626,330.4899902,313.3618774,293.3722478,,,0.051826419,,
1068,308.6400146,292.625885,256.4523481,,,0.05188611,,
1089,469.0899963,444.7301025,593.4044259,,,0.051930107,,
852,222.8800049,234.4576416,134.041672,,,0.051945605,,
692,137.6900024,144.8679352,51.52271841,,,0.052131111,,
29,164.6000061,155.9992523,73.97296566,,,0.052252451,,
1034,565.8699951,595.5339966,879.9529829,,,0.052421937,,
1071,111.6800003,105.8180466,34.3625016,,,0.052488841,,
655,265.7399902,279.7118225,195.2120971,,,0.052577078,,
772,133.1900024,126.1861191,49.05438215,,,0.052585654,,
314,245.8200073,258.7537231,167.2810049,,,0.052614577,,
693,301.3900146,317.2547302,251.6892003,,,0.052638491,,
395,259.2799988,245.6022644,187.0804176,,,0.052752755,,
554,239.9299927,227.2604675,160.5168674,,,0.052805091,,
645,195.6499939,206.0232697,107.6048499,,,0.053019556,,
973,334.0899963,351.8066101,313.8784035,,,0.053029465,,
1106,238.8200073,226.1048279,161.6757883,,,0.053241684,,
329,268.2200012,282.5073853,204.1293425,,,0.053267407,,
1037,234.7799988,222.2685394,156.5366151,,,0.053290141,,
555,262.519989,276.525238,196.1470002,,,0.053349267,,
985,463.3599854,438.5903931,613.532702,,,0.053456477,,
518,580.2600098,611.3015137,963.5749648,,,0.053495853,,
392,344.9200134,326.4657593,340.5594962,,,0.053502996,,
250,331.7000122,349.5027466,316.9373512,,,0.05367119,,
1111,459.4299927,434.6904907,612.0429569,,,0.053848252,,
1031,164.2299957,155.372879,78.44851622,,,0.053931175,,
995,128.8800049,135.8395386,48.4351092,,,0.054000104,,
202,270.2000122,255.5589447,214.3608577,,,0.054186036,,
1128,168.9799957,159.8141327,84.01304522,,,0.054242297,,
92,332.4400024,314.4024048,325.3549292,,,0.054258205,,
43,122.1299973,115.4991913,43.9675878,,,0.054293017,,
708,323.3599854,305.7405396,310.4448703,,,0.05448864,,
106,279.2200012,263.8633728,235.8260364,,,0.054998311,,
88,269.5499878,284.4450073,221.8616068,,,0.05525884,,
120,381.4500122,360.3471069,445.332611,,,0.055322859,,
690,208.1000061,196.5774231,132.7699192,,,0.055370412,,
178,247.7700043,261.5028992,188.5924023,,,0.055425978,,
535,262.3500061,276.9071045,211.9091135,,,0.055487319,,
786,636.1500244,600.8331299,1247.283039,,,0.055516613,,
1093,493.5599976,466.1063843,753.7008822,,,0.05562366,,
124,255.8300018,270.0988464,203.5999263,,,0.055774712,,
1035,406.1600037,428.887085,516.5202244,,,0.055955981,,
834,418.2799988,394.8070068,550.9813508,,,0.056117892,,
920,170.9700012,180.5753632,92.26297797,,,0.056181563,,
105,379.4700012,358.1494446,454.5661355,,,0.056185091,,
737,221.9400024,209.4443359,156.1416814,,,0.056302002,,
135,206.5099945,218.1429443,135.3255217,,,0.056331171,,
630,140.1799927,148.1111603,62.90341954,,,0.056578456,,
1120,118.6299973,125.3756256,45.50350193,,,0.056862754,,
434,160.7100067,151.5597992,83.72629765,,,0.05693614,,
459,339.5400085,358.9157715,375.4201895,,,0.057064742,,
475,460.5899963,434.0808411,702.7353133,,,0.057554779,,
482,130.3300018,137.8535614,56.60394861,,,0.057726997,,
967,254.5399933,269.2819214,217.3244441,,,0.05791596,,
1104,304.3099976,286.6847534,310.649231,,,0.057918715,,
188,177.8500061,167.5072784,106.9720155,,,0.058154216,,
574,348.2799988,328.0073547,410.9800965,,,0.058207891,,
391,200.8999939,189.1971741,136.9559918,,,0.058251967,,
214,512.8499756,542.7774048,895.6510185,,,0.058355134,,
64,508.8500061,538.5731201,883.4635067,,,0.058412329,,
191,64.39700317,68.19062805,14.39158971,,,0.05890996,,
458,202.3999939,190.4730225,142.2526476,,,0.058927726,,
90,133.9700012,141.8828583,62.61330678,,,0.059064395,,
571,393.9599915,370.6881104,541.5804501,,,0.059071686,,
168,164.0899963,173.7911835,94.1130318,,,0.059121137,,
1014,226.2299957,239.669693,180.6254626,,,0.059407229,,
455,214.9700012,202.128067,164.9152741,,,0.059738262,,
340,433.8099976,459.7614136,673.4759932,,,0.059822079,,
370,163.9299927,173.7461395,96.35673899,,,0.059880115,,
1015,249.0200043,234.040802,224.3765007,,,0.060152606,,
117,287.5499878,304.861908,299.7025798,,,0.060204907,,
182,351.3099976,372.4778748,448.079025,,,0.060254127,,
435,162.3000031,152.5103149,95.8379933,,,0.060318472,,
705,551.5,517.9851685,1123.243933,,,0.06077032,,
190,298.9100037,317.120575,331.6249067,,,0.060923258,,
252,504.8699951,535.800415,956.6908765,,,0.061264128,,
914,330.8800049,310.5980225,411.358811,,,0.061297093,,
148,315.6900024,335.0476685,374.7192336,,,0.061318591,,
483,285.3900146,267.6973877,313.0290485,,,0.061994555,,
695,302.8900146,284.1122131,352.6058297,,,0.061995446,,
86,285.4899902,303.2099609,313.9973617,,,0.062068623,,
433,391.5799866,367.2583008,591.5443997,,,0.062111667,,
877,247.5099945,232.0961304,237.5872076,,,0.062275724,,
1044,375.6099854,399.0228882,548.164019,,,0.062333015,,
389,243.75,258.960907,231.3716912,,,0.062403721,,
226,191.4400024,203.4093475,143.2652219,,,0.062522696,,
1075,348,326.2067566,474.9454582,,,0.062624263,,
162,165.8999939,155.5102386,107.9470141,,,0.062626616,,
111,383.1000061,407.0987854,575.9414077,,,0.062643641,,
618,173.1499939,184.057724,118.978576,,,0.062995845,,
635,383.6300049,407.8184509,585.0809221,,,0.063051497,,
218,246.4299927,230.882309,241.7304689,,,0.063091686,,
189,186.7700043,198.6859894,141.9907011,,,0.063800315,,
897,198.5399933,185.849411,161.0508785,,,0.063919526,,
734,316.6400146,296.3884583,410.1255365,,,0.063957666,,
101,242.8699951,227.3031921,242.325355,,,0.064095209,,
431,441.1400146,412.8328857,801.2935469,,,0.064168128,,
239,578.7399902,615.9141846,1381.920725,,,0.06423298,,
416,250.7100067,234.5151062,262.2748026,,,0.064596147,,
670,350.5299988,373.2178955,514.740658,,,0.064724551,,
844,296.3099976,315.5001221,368.2608788,,,0.064763675,,
473,405.230011,431.6188354,696.3700565,,,0.065120607,,
358,220.8500061,235.2774048,208.1498327,,,0.065326685,,
1087,286.6700134,267.9398804,350.8178843,,,0.065336911,,
775,391.519989,417.1035767,654.5199569,,,0.065344269,,
3,217.0099945,202.8215332,201.3124342,,,0.065381603,,
905,207.8000031,221.4145355,185.3554944,,,0.06551748,,
839,224.8699951,210.1287689,217.3037498,,,0.065554438,,
274,163.8399963,174.5957031,115.6852285,,,0.065647626,,
652,243.7599945,227.6883087,258.2990842,,,0.065932418,,
207,474.0599976,442.7627563,979.5173074,,,0.066019578,,
613,157.9100037,147.4439087,109.5391439,,,0.06627886,,
647,466.8299866,435.8518066,959.6476319,,,0.066358591,,
616,200.3300018,213.6335297,176.9838528,,,0.066408065,,
407,350.6000061,327.2912292,543.2990785,,,0.066482534,,
965,332.269989,354.3738098,488.578894,,,0.066523675,,
1077,170.0599976,158.7259827,128.4598936,,,0.066647154,,
504,205.1000061,218.781601,187.1860376,,,0.066706945,,
367,149.1499939,159.1083527,99.16890929,,,0.06676741,,
174,348.3800049,324.9838867,547.3783451,,,0.067156891,,
1064,167.5299988,178.806015,127.1485421,,,0.067307445,,
997,183.7899933,171.4122925,153.2074772,,,0.067346979,,
934,383.6300049,357.6505737,674.930843,,,0.067720019,,
495,171.5500031,183.1682892,134.9845727,,,0.067725362,,
886,154.4499969,164.946228,110.1708669,,,0.067958765,,
254,322.5,344.4599915,482.2412247,,,0.068092997,,
958,505.2099915,470.8024292,1183.88034,,,0.068105467,,
573,531.8900146,495.497467,1324.417521,,,0.06842119,,
676,437.5400085,407.4655762,904.4714826,,,0.068735274,,
1127,473.5,440.9537964,1059.25537,,,0.068735382,,
1133,291.3900146,311.4208984,401.2363054,,,0.06874252,,
70,189.7400055,202.8391724,171.5881727,,,0.069037454,,
627,397.1099854,424.5662842,753.8483453,,,0.069140288,,
678,347.769989,323.6657104,581.0162451,,,0.069310979,,
45,243.9100037,226.9922638,286.2099222,,,0.069360582,,
667,498.8900146,533.5471191,1201.114892,,,0.069468427,,
343,107.1500015,114.6054916,55.58433281,,,0.069579935,,
307,221.7899933,237.2247162,238.230671,,,0.069591611,,
523,99.5,106.4261169,47.97109591,,,0.069609216,,
814,259.6400146,241.5307617,327.9450417,,,0.069747542,,
685,214.9700012,199.8982086,227.1589323,,,0.070111143,,
46,404.6099854,376.2104492,806.5336526,,,0.070189904,,
406,245.1399994,227.9213867,296.4806223,,,0.070239915,,
546,248.0800018,230.6017303,305.4899741,,,0.070454173,,
926,348.1499939,372.7260132,603.980724,,,0.070590319,,
352,394.6900024,366.8016052,777.7626993,,,0.070658991,,
128,286.5100098,306.8082581,412.0188837,,,0.070846559,,
410,258.0599976,276.3448181,334.3346628,,,0.07085492,,
332,546.2999878,585.0525513,1501.761176,,,0.070936417,,
870,322.3399963,345.2087402,522.9794474,,,0.070946033,,
548,119.9499969,128.5141907,73.34541417,,,0.071398032,,
288,283.0799866,262.7800598,412.0870264,,,0.071710922,,
40,289.2999878,268.5364075,431.1262678,,,0.071771798,,
238,265.6400146,284.743042,364.9256537,,,0.071913214,,
625,510.2900085,546.9984131,1347.506964,,,0.071936358,,
1024,253.3500061,235.0725555,334.065199,,,0.072143083,,
661,255.0599976,273.4703979,338.9428425,,,0.072180666,,
691,199.0399933,213.4457092,207.5246518,,,0.072375987,,
163,274.5899963,254.6884918,396.069882,,,0.072477165,,
302,233.0399933,216.0540314,288.5229021,,,0.072888613,,
784,288.9500122,310.0128174,443.6417619,,,0.072894287,,
849,415.7399902,446.092041,921.2469866,,,0.073007292,,
160,257.2600098,276.0586243,353.3879072,,,0.073072432,,
628,183.4600067,196.8864594,180.2696304,,,0.07318463,,
246,354.5899963,328.6120911,674.8515624,,,0.073261811,,
74,330.9400024,355.2454224,590.7534376,,,0.073443584,,
782,258.8500061,277.9532776,364.9349814,,,0.073800545,,
912,237.6799927,220.1246033,308.1916971,,,0.073861452,,
2,334.1700134,358.8613281,609.6610215,,,0.073888481,,723.4821777
60,300.4200134,278.17099,495.0190439,,,0.074059725,,
402,502.8900146,465.4498596,1401.765209,,,0.074449987,,
203,260.2099915,240.7954559,376.9241896,,,0.07461103,,
602,247.4900055,265.9616394,341.2012593,,,0.074635878,,
541,330.2900085,305.6319275,608.0209613,,,0.074655849,,
298,357.3399963,384.0531311,713.591569,,,0.074755513,,
432,519.0200195,557.8640747,1508.860622,,,0.07484115,,
754,201.4600067,216.5686798,228.2720027,,,0.074995893,,
698,218.5599976,234.9921875,270.0168663,,,0.075183886,,
1073,768.7600098,710.8654785,3351.776749,,,0.075308979,,
1025,128.3899994,138.0595703,93.50060183,,,0.075314051,,
1053,173.1799927,186.2278595,170.2468286,,,0.075342807,,
819,314.0799866,337.8161316,563.4045804,,,0.075573567,,
52,238.9299927,257.080719,329.4488659,,,0.075966714,,
242,223.9600067,206.9165344,290.4799477,,,0.076100517,,
1056,242.6799927,224.1711884,342.5758374,,,0.076268357,,
701,284.3999939,306.2284241,476.4803639,,,0.076752569,,
78,226.4799957,209.0765228,302.880869,,,0.076843312,,
824,250.0399933,269.255188,369.2237074,,,0.076848485,,
1027,506.8099976,546.1137695,1544.786491,,,0.077551296,,
236,532.6799927,491.3266907,1710.095586,,,0.077632542,,
499,455.769989,420.3224182,1256.530276,,,0.077775131,,
10,179.5500031,193.5332184,195.530311,,,0.077879226,,
764,374.1700134,344.9453735,854.0795769,,,0.078105243,,
736,405.4400024,373.5096741,1019.54587,,,0.078754756,,
805,121.2200012,130.7710876,91.22325191,,,0.078791341,,
931,202.7899933,218.7993927,256.3008696,,,0.078945707,,
394,127.1600037,117.1086349,101.030013,,,0.079045049,,
291,365.5100098,336.6065063,835.4125098,,,0.079077187,,
71,468.6000061,431.5236816,1374.653836,,,0.079121477,,
400,192.8200073,177.5611725,232.8320406,,,0.079135122,,
588,375.019989,345.257782,885.7889674,,,0.079361655,,
502,306.1300049,330.4569702,591.8012423,,,0.079466125,,
946,180.9199982,195.3133392,207.168267,,,0.079556385,,
181,115.9499969,106.7167206,85.25339247,,,0.079631536,,
1062,356.9299927,328.2525635,822.3949455,,,0.080344689,,
7,305.9700012,330.5827026,605.785071,,,0.080441551,,
939,182.1100006,167.4429474,215.1224502,,,0.080539527,,
345,250.5599976,230.3074646,410.1650913,,,0.080829075,,
422,330.8299866,304.0494995,717.1944872,,,0.080949394,,
177,285.2099915,262.1123962,533.4989047,,,0.080984523,,
1084,192.7100067,208.4723053,248.4500567,,,0.081792839,,
977,233.3000031,214.1833038,365.448189,,,0.081940416,,
99,173.4600067,187.6958618,202.6595705,,,0.082069956,,
293,249.1199951,269.5675964,418.1043997,,,0.082079326,,
776,380.8800049,349.5965271,978.6559822,,,0.082134734,,
110,222.8300018,241.2038727,337.59913,,,0.082456899,,
725,276.480011,253.6668396,520.4407887,,,0.082512914,,
794,486.2099915,526.4073486,1615.827524,,,0.082674889,,
755,762.8599854,699.7406006,3984.056733,,,0.082740458,,
130,383.4599915,351.7296143,1006.816837,,,0.082747556,,
131,591.0999756,542.1766357,2393.493181,,,0.082766608,,
34,263.4299927,241.6082001,476.1906324,,,0.082837161,,
552,225.6900024,244.3879242,349.6122779,,,0.082847807,,
351,368.3599854,398.8848267,931.7659369,,,0.082866876,,
384,179.2100067,194.076767,221.0205604,,,0.082957199,,
357,97.2480011,105.3247833,65.23441114,,,0.083053452,,
376,323.7000122,296.7332458,727.2064878,,,0.083307894,,
297,353.2099915,382.6460266,866.4801657,,,0.083338625,,
893,141.8500061,129.9733734,141.0544041,,,0.083726698,,
49,216.9600067,235.1711273,331.6449137,,,0.083937685,,
806,188.6399994,204.5155487,252.0330661,,,0.084157916,,
558,208.3500061,225.8927765,307.7487928,,,0.08419856,,
846,215.2400055,197.051712,330.8140189,,,0.084502383,,
675,293.25,268.3907471,617.9824562,,,0.084771536,,
528,294.6600037,269.6477051,625.6150805,,,0.084885286,,
785,405.5,371.0477905,1186.954738,,,0.084962292,,
479,231.7899933,251.4990387,388.446471,,,0.085029751,,
922,141.8999939,154.0237427,146.9852845,,,0.085438684,,
909,361.75,330.82724,956.2170866,,,0.085481023,,
804,175.8500061,160.7979584,226.5641409,,,0.085595947,,
121,210.8000031,228.8483276,325.7420203,,,0.085618237,,
454,177.7799988,193.1253815,235.4807699,,,0.086316699,,
895,383.1499939,416.2372742,1094.768116,,,0.086355946,,
948,212.8000031,194.3674622,339.7585638,,,0.086619082,,
63,269.6199951,293.0558777,549.2405918,,,0.086921901,,
619,113.1100006,122.9585342,96.99361467,,,0.087070406,,
955,431.1600037,393.5974731,1410.943699,,,0.087119701,,
385,181.4900055,197.345871,251.4084701,,,0.087364951,,
820,334.2999878,363.6206055,859.6986209,,,0.087707504,,
119,355.2999878,324.111145,972.7439135,,,0.087781716,,
709,262.7200012,239.6282806,533.2275594,,,0.087894795,,
758,211.8600006,193.2152863,347.6253734,,,0.088004882,,
901,269.4599915,293.1808167,562.6775479,,,0.088030973,,
285,379.7799988,346.3087158,1120.326783,,,0.088133348,,
267,324.4200134,353.0375977,818.9661271,,,0.088211525,,
292,240.8500061,219.4992676,455.8540356,,,0.088647449,,
918,293.1000061,267.0774536,677.1732381,,,0.088783869,,
756,187.7200012,204.4278259,279.1514064,,,0.089003967,,
679,171.4299927,156.1455536,233.6140782,,,0.089158489,,
830,153.4499969,167.1761932,188.4084646,,,0.089450613,,
1115,356.1300049,388.013855,1016.579897,,,0.089528682,,
183,411.6400146,374.7515564,1360.758352,,,0.089613393,,
608,396.6900024,361.002594,1273.591122,,,0.089962964,,
668,164.1199951,178.8908081,218.1769163,,,0.090000082,,
354,250.3999939,272.956543,508.797906,,,0.090082067,,
427,138.0800018,125.6299591,155.0035638,,,0.09016543,,
510,113.8700027,103.5873032,105.7339108,,,0.090302093,,
533,153.9900055,167.8991852,193.4652796,,,0.090325211,,
580,289.6700134,315.8613281,685.9849656,,,0.090417763,,
303,118.3399963,107.5970993,115.4098367,,,0.090779934,,
363,174.4299927,190.3224487,252.5701595,,,0.091110799,,
621,255.8200073,232.4978638,543.92238,,,0.091166222,,
339,231.5800018,210.4535828,446.3255826,,,0.091227303,,
227,465.6000061,423.0761108,1808.281668,,,0.091331389,,
77,212.6600037,232.0886536,377.472437,,,0.09136015,,
611,408.269989,445.6467896,1397.025218,,,0.091549224,,
859,221.9799957,242.3339844,414.2848539,,,0.091692896,,
872,148.1900024,161.7960052,185.1233124,,,0.09181458,,
300,224.6900024,245.3213196,425.6512469,,,0.091821251,,
777,207.25,226.2834167,362.2709531,,,0.091837958,,
983,271.3999939,296.3373108,621.8697739,,,0.091883999,,
788,158.1999969,172.7408905,211.4375854,,,0.091914626,,
283,365.9899902,399.6685181,1134.243237,,,0.092020352,,
318,533.3900146,484.2373047,2415.988897,,,0.092151538,,
879,365.8699951,332.1528015,1136.849144,,,0.092156214,,
25,213.0700073,232.7665558,387.9540213,,,0.092441675,,
66,152.5299988,166.639389,199.0748935,,,0.092502395,,
438,385.5299988,421.1972656,1272.153924,,,0.092514894,,
727,165.2400055,180.5471954,234.3100639,,,0.092636102,,
935,346.1600037,378.3345642,1035.202346,,,0.092947077,,
253,352.7799988,385.7059326,1084.117119,,,0.093332768,,
954,87.50499725,95.67656708,66.77455339,,,0.093384036,,
62,137.3999939,150.2699432,165.635596,,,0.093667758,,
150,328.5,359.4185791,955.9585337,,,0.094120484,,
219,499.6799927,452.5597839,2220.314072,,,0.094300771,,
481,326.3900146,357.3661499,959.5209553,,,0.094905279,,
393,210.3399963,230.4038544,402.5583991,,,0.095387745,,
296,198,179.0569611,358.8387243,,,0.095671914,,
1094,236.8399963,214.125061,515.9682858,,,0.095908359,,
550,410.3399963,449.7894287,1556.257715,,,0.096138404,,
134,336.6600037,304.2828979,1048.276974,,,0.096171524,,
159,163.4799957,147.7444916,247.6060909,,,0.096253392,,
989,360.8500061,395.696228,1214.259182,,,0.096567054,,
687,313.8099976,344.117981,918.5738577,,,0.096580681,,
1118,167.1900024,183.4189301,263.3780914,,,0.097068768,,
803,535.6799927,483.5792847,2714.483775,,,0.097260881,,
201,154.5800018,139.4005585,230.4155007,,,0.098197976,,
924,355.8299866,320.7962952,1227.359534,,,0.098456265,,
735,247.2599945,222.9115601,592.8462601,,,0.098473004,,
809,272.3099976,245.4004669,724.1228392,,,0.098819474,,
631,304.9400024,274.7383118,912.1421196,,,0.099041419,,
145,199.6000061,179.8035583,391.8993437,,,0.099180597,,
198,712.6400146,641.4628906,5066.182984,,,0.099878091,,
281,212.9100037,234.2587738,455.7699866,,,0.100271334,,
662,282.6199951,254.2356567,805.6706652,,,0.100432874,,
87,97.95500183,107.8167038,97.25316565,,,0.100675839,,
484,227.7400055,204.7997437,526.2556133,,,0.100730049,,
75,589.9899902,530.4818115,3541.223333,,,0.100863031,,
960,150.3000031,165.4789734,230.4011405,,,0.100991151,,
1023,341.0799866,375.5274048,1186.624622,,,0.100995132,,
469,262.4500122,289.1165771,711.1056858,,,0.101606263,,
465,332.6799927,367.1286011,1186.706621,,,0.103548783,,
398,250.7200012,276.6951904,674.7104544,,,0.103602381,,
696,167.3600006,184.7445374,302.2221178,,,0.1038751,,
923,100.7699966,111.2707291,110.2653814,,,0.10420495,,
753,649.460022,581.7697144,4581.977745,,,0.104225519,,
379,680.9299927,609.8897705,5046.713166,,,0.104328232,,
969,244.4199982,218.9123077,650.6422711,,,0.104360079,,
448,200.6900024,221.706131,441.6776588,,,0.10471936,,
563,134.9100037,149.0666962,200.4119427,,,0.104934342,,
525,158.2200012,174.9139252,278.6870969,,,0.105510832,,
1096,254.7100067,281.6134644,723.7960331,,,0.105623874,,
109,385.2799988,344.4602051,1666.255558,,,0.105948385,,
32,206.4199982,184.4378662,483.2141254,,,0.106492259,,
266,276.5100098,247.0556335,867.5602786,,,0.106521917,,
906,127.8700027,141.5358429,186.755187,,,0.106872917,,
409,238.8000031,264.3515015,652.8790712,,,0.106999573,,
485,384.4400024,343.3022766,1692.312486,,,0.107006882,,
30,496.1099854,442.8539429,2836.206061,,,0.10734725,,
717,152.4600067,168.9337311,271.3835945,,,0.108052759,,
992,250.4299927,277.4976807,732.659733,,,0.108084849,,
666,345.9899902,308.1274109,1433.574915,,,0.109432586,,
643,217.8399963,193.9857635,569.0244219,,,0.109503458,,
537,130.7400055,145.0884857,205.8788848,,,0.1097482,,
570,347.0100098,308.8504028,1456.155601,,,0.109966877,,
591,330.75,294.3584595,1324.344222,,,0.110027333,,
1122,214.2299957,237.9060974,560.557791,,,0.110517211,,
1045,184.6999969,205.2015228,420.3125634,,,0.110999059,,
551,272.1799927,241.897644,917.0206387,,,0.11125854,,
206,214.5800018,190.6236877,573.9049846,,,0.111642809,,
984,338.230011,300.4667358,1426.06495,,,0.111649688,,
9,219.1600037,194.6123657,602.5865284,,,0.112007837,,
1086,229.4400024,203.7375641,660.6153374,,,0.112022481,,
1066,249.5399933,221.397522,791.9986916,,,0.112777399,,
869,307.0599976,272.369873,1203.404739,,,0.112975069,,
264,343.1400146,381.949646,1506.187485,,,0.113101445,,
61,165.6399994,184.3909912,351.5996943,,,0.113203284,,
547,447.9899902,498.7227173,2573.809594,,,0.113245225,,
1020,225.7299957,200.0418701,659.8797974,,,0.113800231,,
143,273.9899902,305.1781311,972.7001309,,,0.11382949,,
241,323.8999939,286.9212646,1367.426417,,,0.114167119,,
664,151.9499969,134.5240936,303.6621065,,,0.114681827,,
21,148,165.0625305,291.1299477,,,0.115287368,,
534,286.7799988,320.0009155,1103.62931,,,0.115841122,,
171,319.1499939,356.3665466,1385.071797,,,0.116611479,,
842,282.0299988,249.090683,1084.998525,,,0.11679366,,
1119,384,429.0245361,2027.208854,,,0.117251396,,
76,383.6300049,428.614563,2023.610468,,,0.11726027,,
1057,752.6599731,664.1113892,7840.851726,,,0.117647526,,
440,246.6100006,217.5759735,842.9747296,,,0.117732562,,
23,177.9199982,198.9206696,441.0281987,,,0.11803435,,
50,248.9700012,219.4112549,873.7194851,,,0.118724128,,
381,374.5599976,330.0171204,1984.067909,,,0.11892054,,
1117,309.4100037,272.6012878,1354.88156,,,0.118964207,,
733,271.4200134,238.77742,1065.538903,,,0.120265978,,
646,244.1100006,214.4888,877.4155227,,,0.121343659,,
405,528.2800293,463.8601379,4149.922403,,,0.121942697,,
827,379.5100098,333.1765137,2146.79286,,,0.122087679,,
826,390.6400146,342.9092407,2278.22678,,,0.122186085,,
240,293.5700073,257.5280151,1299.025201,,,0.122771371,,
519,290.6600037,254.5313263,1305.281328,,,0.124298758,,
17,146,164.2107239,331.6304641,,,0.124730985,,
348,163.0500031,142.6882324,414.6017032,,,0.124880529,,
688,233.0800018,262.567749,869.5272345,,,0.126513416,,
478,465.5599976,406.6583862,3469.399817,,,0.126517767,,
915,471.2799988,411.2532959,3603.205059,,,0.127369511,,
759,276.3900146,311.8162842,1255.020573,,,0.128174925,,
278,161.6499939,140.8899536,430.9792726,,,0.128425865,,
509,481.6600037,419.7885742,3828.073781,,,0.128454572,,
331,254.6300049,287.3631897,1071.461388,,,0.128551955,,
648,257.7900085,290.9640808,1100.519071,,,0.128686416,,
638,115.5599976,130.434433,221.2488292,,,0.128716128,,
845,186.6100006,162.4109497,585.5940646,,,0.129677139,,
95,299.5599976,260.6915588,1510.755529,,,0.129751766,,
234,314.25,273.2181091,1683.616068,,,0.130570854,,
152,288.2600098,326.3163147,1448.282345,,,0.132020758,,
766,366.3900146,317.5970764,2380.750821,,,0.133172129,,
929,216.4900055,187.6503754,831.7242659,,,0.133214603,,
144,129.5599976,146.8428345,298.6964518,,,0.133396397,,
315,479.2000122,543.3458252,4114.685324,,,0.133860207,,
749,228.3999939,259.0802612,941.2788037,,,0.134326918,,
80,151.7299957,172.2608032,421.5140564,,,0.135311462,,
96,143.9700012,124.3497238,384.9552854,,,0.136280317,,
342,81.72100067,70.41390991,127.8503014,,,0.138362118,,
823,129.0099945,111.0330887,323.169143,,,0.139345063,,
919,419.0299988,360.5704041,3417.524216,,,0.139511717,,
122,303.0299988,260.6097717,1799.475663,,,0.13998689,,
13,275.6000061,236.7783966,1507.117364,,,0.14086215,,
170,99.48600006,113.5227432,197.0301587,,,0.141092648,,
644,256.3099976,219.7937164,1333.438787,,,0.142469203,,
812,338.6099854,387.0550537,2346.924648,,,0.143070407,,
1090,136.1000061,155.6535034,382.3392572,,,0.143670069,,
970,122.3700027,139.9801483,310.117227,,,0.143909007,,
441,108.5199966,124.3065109,249.2140332,,,0.145471017,,
620,70.58999634,80.88153076,105.9156808,,,0.1457931,,
1105,129.2700043,110.4047775,355.8967802,,,0.145936614,,
988,140.4299927,160.9777985,422.2123226,,,0.146320636,,
684,275.3800049,234.9896698,1631.379168,,,0.14667127,,
1046,169.0599976,193.8659821,615.3368669,,,0.146728882,,
1050,171.7100067,146.3758698,641.8184957,,,0.147540248,,
831,115.3499985,132.4275818,291.6438518,,,0.148050139,,
653,109.9599991,126.3381271,268.2430785,,,0.148946237,,
761,169.5299988,194.7949677,638.3186521,,,0.149029488,,
883,80.10900116,92.05171967,142.6285253,,,0.149080856,,
878,281.9899902,239.8218231,1778.154318,,,0.149537815,,
464,346.730011,294.6525269,2712.064353,,,0.150196067,,
94,225.5800018,259.5917053,1156.795974,,,0.150774462,,
594,174.4600067,200.7701721,692.2248037,,,0.15080915,,
280,176.8300018,203.8195343,728.434863,,,0.152629826,,
221,259.9100037,299.7322083,1585.807978,,,0.153215359,,
132,201.7400055,232.6584473,955.9500416,,,0.153258853,,
97,124.0500031,143.0653076,361.5818077,,,0.153287417,,
251,125.5699997,105.9539032,384.7912418,,,0.156216425,,
1006,368.5799866,426.4759216,3351.939296,,,0.157078347,,
1103,249.4600067,288.7537842,1544.000948,,,0.157515339,,
743,86.36100006,100.0002823,186.0300197,,,0.157933352,,
795,192.3099976,222.8875275,934.9853352,,,0.15900125,,
867,112.7900009,130.8405457,325.8221654,,,0.160036746,,
268,159.2100067,184.6983643,649.6563703,,,0.160092686,,
208,105.4800034,122.3934555,286.0648636,,,0.160347474,,
720,248.9299927,208.9710846,1596.714335,,,0.160522674,,
980,144.1499939,167.5307922,546.661731,,,0.162197706,,
582,112.5199966,130.823349,335.0127075,,,0.162667552,,
639,144.6600037,168.2172394,554.9433547,,,0.162845535,,
123,175.6100006,146.7448425,833.197351,,,0.16437081,,
987,330.8399963,385.5231934,2990.252036,,,0.165285932,,
47,118.6999969,138.6170349,396.6884013,,,0.167793079,,
732,132.3800049,154.7896423,502.1918507,,,0.169282646,,
290,74.57299805,87.23602295,160.3521997,,,0.169807105,,
126,141.75,165.8386383,580.2624954,,,0.169937484,,
41,203.9299927,169.2598724,1202.017237,,,0.170009913,,
1092,87.31099701,102.1648636,220.6373523,,,0.170125953,,
386,177.5299988,208.0847931,933.5954554,,,0.172110598,,
714,162.2799988,190.3950958,790.4586819,,,0.173250538,,
56,205.0200043,240.8307495,1282.409475,,,0.174669518,,
1039,80.75800323,94.93444824,200.971593,,,0.175542292,,
166,295.8800049,243.8222351,2710.011394,,,0.175942169,,
426,318.3200073,261.6986084,3205.982816,,,0.177875715,,
1055,116.3799973,95.6374588,430.2529014,,,0.17823113,,
752,168.1799927,198.2182312,902.2957737,,,0.178607681,,
139,220.2700043,260.0934143,1585.903987,,,0.180793614,,
836,217.8000031,178.2078094,1567.541794,,,0.181782337,,
654,121.4199982,143.501236,487.5810625,,,0.181858328,,
640,134.9400024,159.5608063,606.1839814,,,0.182457414,,
336,106.7300034,126.5223618,391.737451,,,0.185443247,,
1082,534.3800049,435.2111816,9834.455503,,,0.185577346,,
1069,234.6699982,279.0178223,1966.729502,,,0.188979522,,
503,273.1199951,324.8560486,2676.619228,,,0.189426093,,
807,122.2699966,145.4463501,537.1433595,,,0.189550618,,
993,189.1199951,153.1850128,1291.322953,,,0.190011544,,
779,173.4400024,140.3586273,1094.37738,,,0.190736708,,
875,215.6100006,256.8131104,1697.696252,,,0.191100179,,
173,322.7399902,385.0249329,3879.414078,,,0.192987992,,
364,280.6099854,226.2567596,2954.273145,,,0.193696691,,
269,383.9100037,309.1672363,5586.481269,,,0.194688251,,
199,226.6199951,181.7588043,2012.52644,,,0.197957778,,
660,73.3010025,88.10402679,219.1295282,,,0.201948456,,
527,387.2600098,307.1473083,6418.044928,,,0.206870576,,
271,167.8200073,202.6000366,1209.650438,,,0.207246024,,
258,226.5299988,273.4811096,2204.406809,,,0.207262222,,
677,173.2100067,209.7997284,1338.807733,,,0.211244849,,
146,229.5299988,279.2669678,2473.766085,,,0.216690495,,
1074,135.1999969,164.7285614,871.9361187,,,0.218406547,,
277,190.3099976,232.0432281,1741.662536,,,0.219290795,,
1001,226.7799988,176.7137756,2506.6267,,,0.220770012,,
89,147.7299957,180.3578186,1064.574826,,,0.220861191,,
623,237.8300018,185.2934723,2760.086936,,,0.220899504,,
974,145.3600006,177.6618652,1043.410458,,,0.222219761,,
1079,165.75,202.75383,1369.283431,,,0.223250859,,
1038,125.7600021,153.8569946,789.4409871,,,0.223417557,,
529,286.269989,221.2146149,4232.201705,,,0.227251813,,
760,181.8600006,223.3569794,1721.999246,,,0.228180901,,
228,279.3500061,214.1494293,4251.115213,,,0.233401022,,
313,110.5299988,136.3303375,665.6574794,,,0.233423858,,
1110,156.2100067,193.8678131,1418.110383,,,0.241071665,,
498,82.03199768,101.9491959,396.6947834,,,0.242797917,,
790,271.730011,338.0821228,4402.602742,,,0.244183966,,
884,191.8999939,144.9244232,2206.704241,,,0.244791934,,
31,252.0800018,313.8131714,3810.984223,,,0.244895149,,
279,116.5199966,145.5125275,840.5668435,,,0.248820217,,
585,140.7799988,176.8845673,1303.539865,,,0.256460923,,
560,173.6900024,219.3210297,2082.190645,,,0.262715335,,
444,221.9299927,281.18927,3511.661951,,,0.267017885,,
496,71.30799866,90.68939972,375.6387071,,,0.271798416,,
326,152.2799988,193.6927032,1715.012091,,,0.271951043,,
864,87.81600189,111.6993179,570.4127851,,,0.271969977,,
305,191.3300018,245.3204346,2914.966827,,,0.282184875,,
943,67.08399963,86.45437622,375.2114891,,,0.288748087,,
1018,149.2400055,192.5740814,1877.842137,,,0.290365012,,
157,121.6900024,157.0504303,1250.359858,,,0.290577921,,
802,70.90599823,91.79564667,436.3774118,,,0.294610456,,
373,192.5899963,249.3396454,3220.522667,,,0.294665612,,
634,87.58100128,113.5129929,672.4681872,,,0.296091518,,
887,112.4599991,146.1527252,1135.199794,,,0.299597425,,
1028,211.2599945,276.3923035,4242.21767,,,0.308304036,,
382,55.1570015,73.59423828,339.9317003,,,0.334268294,,
855,121.3700027,164.9048157,1895.279937,,,0.358694998,,
104,187.9100037,255.9387665,4627.91257,,,0.362028426,,
953,62.92499924,87.23560333,591.0054715,,,0.386342541,,
295,99.43599701,145.1412659,2088.971602,,,0.459645101,,
